id,label
0,-1
1,-1
2,2
3,10
4,-1
5,10
6,10
7,10
8,-1
9,4
10,-1
11,-1
12,10
13,4
14,6
15,8
16,7
17,10
18,-1
19,5
20,8
21,9
22,5
23,4
24,10
25,10
26,-1
27,-1
28,2
29,-1
30,8
31,0
32,4
33,4
34,-1
35,2
36,3
37,7
38,-1
39,-1
40,10
41,9
42,-1
43,4
44,0
45,-1
46,-1
47,10
48,8
49,4
50,-1
51,-1
52,-1
53,5
54,3
55,-1
56,-1
57,2
58,5
59,1
60,-1
61,-1
62,8
63,4
64,0
65,-1
66,4
67,8
68,-1
69,-1
70,5
71,-1
72,10
73,10
74,7
75,-1
76,5
77,-1
78,-1
79,4
80,10
81,8
82,10
83,-1
84,4
85,10
86,10
87,9
88,-1
89,-1
90,9
91,-1
92,9
93,-1
94,10
95,10
96,-1
97,-1
98,-1
99,0
100,2
101,-1
102,10
103,-1
104,5
105,4
106,4
107,10
108,8
109,-1
110,5
111,4
112,-1
113,-1
114,4
115,0
116,5
117,2
118,-1
119,0
120,4
121,-1
122,-1
123,8
124,-1
125,-1
126,9
127,2
128,10
129,-1
130,-1
131,2
132,3
133,2
134,-1
135,3
136,9
137,3
138,-1
139,0
140,-1
141,-1
142,5
143,3
144,2
145,2
146,-1
147,-1
148,2
149,-1
150,1
151,-1
152,4
153,0
154,6
155,-1
156,-1
157,2
158,-1
159,-1
160,2
161,-1
162,2
163,-1
164,1
165,-1
166,2
167,3
168,8
169,2
170,3
171,-1
172,4
173,9
174,-1
175,5
176,10
177,9
178,10
179,-1
180,7
181,7
182,10
183,-1
184,-1
185,6
186,10
187,2
188,4
189,4
190,10
191,-1
192,2
193,10
194,-1
195,2
196,3
197,7
198,-1
199,8
200,-1
201,4
202,7
203,7
204,-1
205,-1
206,10
207,8
208,2
209,8
210,1
211,2
212,-1
213,5
214,-1
215,8
216,-1
217,7
218,-1
219,-1
220,-1
221,-1
222,9
223,-1
224,-1
225,3
226,-1
227,4
228,7
229,7
230,-1
231,0
232,1
233,4
234,-1
235,8
236,-1
237,-1
238,-1
239,1
240,7
241,4
242,8
243,-1
244,5
245,5
246,-1
247,8
248,5
249,-1
250,1
251,-1
252,7
253,4
254,8
255,2
256,-1
257,5
258,5
259,8
260,-1
261,-1
262,-1
263,-1
264,-1
265,4
266,5
267,-1
268,-1
269,4
270,0
271,2
272,-1
273,0
274,1
275,5
276,-1
277,2
278,-1
279,3
280,-1
281,2
282,5
283,7
284,10
285,-1
286,-1
287,5
288,4
289,10
290,5
291,10
292,-1
293,-1
294,5
295,-1
296,-1
297,6
298,5
299,0
300,2
301,5
302,2
303,-1
304,5
305,-1
306,-1
307,2
308,-1
309,0
310,-1
311,10
312,-1
313,-1
314,-1
315,-1
316,0
317,-1
318,-1
319,1
320,7
321,-1
322,-1
323,-1
324,-1
325,-1
326,-1
327,9
328,-1
329,2
330,1
331,-1
332,8
333,0
334,-1
335,-1
336,3
337,10
338,-1
339,2
340,-1
341,-1
342,-1
343,2
344,4
345,-1
346,-1
347,8
348,-1
349,-1
350,-1
351,-1
352,0
353,-1
354,-1
355,6
356,5
357,-1
358,-1
359,-1
360,3
361,-1
362,-1
363,-1
364,-1
365,1
366,-1
367,9
368,2
369,2
370,2
371,-1
372,-1
373,-1
374,2
375,2
376,-1
377,-1
378,2
379,-1
380,-1
381,-1
382,-1
383,1
384,0
385,2
386,6
387,2
388,-1
389,-1
390,2
391,4
392,0
393,7
394,5
395,7
396,4
397,-1
398,-1
399,1
400,-1
401,4
402,8
403,-1
404,5
405,-1
406,3
407,4
408,-1
409,1
410,2
411,0
412,-1
413,10
414,-1
415,0
416,-1
417,-1
418,-1
419,-1
420,7
421,0
422,-1
423,-1
424,-1
425,0
426,8
427,-1
428,4
429,-1
430,8
431,-1
432,10
433,4
434,7
435,-1
436,-1
437,0
438,-1
439,-1
440,-1
441,-1
442,9
443,7
444,4
445,-1
446,5
447,4
448,6
449,-1
450,10
451,-1
452,-1
453,5
454,8
455,4
456,5
457,-1
458,3
459,2
460,4
461,-1
462,4
463,-1
464,-1
465,2
466,4
467,1
468,8
469,-1
470,6
471,4
472,10
473,-1
474,-1
475,-1
476,8
477,9
478,-1
479,8
480,-1
481,1
482,-1
483,-1
484,-1
485,8
486,-1
487,3
488,-1
489,-1
490,2
491,-1
492,0
493,7
494,0
495,-1
496,1
497,0
498,-1
499,0
500,-1
501,-1
502,5
503,4
504,-1
505,-1
506,-1
507,-1
508,8
509,3
510,1
511,9
512,-1
513,-1
514,5
515,-1
516,4
517,7
518,8
519,1
520,5
521,4
522,-1
523,-1
524,-1
525,7
526,2
527,4
528,10
529,8
530,7
531,9
532,-1
533,-1
534,-1
535,10
536,10
537,3
538,2
539,-1
540,-1
541,-1
542,10
543,-1
544,4
545,-1
546,-1
547,-1
548,4
549,2
550,4
551,10
552,4
553,-1
554,2
555,0
556,2
557,10
558,-1
559,0
560,2
561,5
562,3
563,5
564,3
565,-1
566,-1
567,1
568,-1
569,-1
570,-1
571,1
572,10
573,10
574,-1
575,9
576,10
577,2
578,-1
579,10
580,9
581,-1
582,-1
583,-1
584,3
585,10
586,-1
587,8
588,4
589,-1
590,5
591,8
592,-1
593,-1
594,5
595,-1
596,2
597,-1
598,-1
599,5
600,-1
601,7
602,5
603,-1
604,-1
605,10
606,-1
607,6
608,-1
609,-1
610,-1
611,-1
612,10
613,-1
614,-1
615,1
616,4
617,5
618,10
619,-1
620,8
621,0
622,2
623,4
624,10
625,-1
626,2
627,-1
628,5
629,2
630,-1
631,-1
632,-1
633,2
634,10
635,2
636,-1
637,1
638,1
639,-1
640,-1
641,-1
642,4
643,-1
644,-1
645,-1
646,10
647,8
648,4
649,-1
650,10
651,-1
652,-1
653,-1
654,3
655,-1
656,8
657,-1
658,-1
659,-1
660,-1
661,5
662,-1
663,-1
664,5
665,1
666,-1
667,0
668,1
669,-1
670,10
671,5
672,-1
673,5
674,-1
675,10
676,-1
677,-1
678,10
679,-1
680,-1
681,5
682,10
683,1
684,-1
685,-1
686,-1
687,1
688,-1
689,10
690,2
691,0
692,6
693,10
694,-1
695,-1
696,-1
697,-1
698,-1
699,10
700,-1
701,-1
702,1
703,9
704,4
705,8
706,-1
707,-1
708,0
709,-1
710,-1
711,-1
712,-1
713,4
714,10
715,10
716,-1
717,4
718,9
719,-1
720,-1
721,10
722,5
723,5
724,7
725,0
726,-1
727,-1
728,10
729,-1
730,-1
731,5
732,0
733,-1
734,-1
735,-1
736,-1
737,-1
738,-1
739,-1
740,-1
741,-1
742,5
743,9
744,4
745,3
746,-1
747,10
748,1
749,-1
750,-1
751,-1
752,-1
753,-1
754,-1
755,8
756,10
757,0
758,-1
759,5
760,0
761,10
762,-1
763,-1
764,2
765,2
766,-1
767,6
768,-1
769,9
770,2
771,-1
772,1
773,1
774,7
775,5
776,5
777,-1
778,0
779,0
780,2
781,2
782,5
783,-1
784,-1
785,-1
786,3
787,0
788,-1
789,-1
790,9
791,8
792,3
793,5
794,-1
795,5
796,-1
797,-1
798,10
799,-1
800,4
801,2
802,9
803,-1
804,-1
805,2
806,-1
807,2
808,6
809,1
810,0
811,-1
812,-1
813,-1
814,2
815,3
816,-1
817,-1
818,3
819,-1
820,10
821,4
822,10
823,0
824,10
825,2
826,-1
827,2
828,9
829,5
830,3
831,-1
832,9
833,-1
834,5
835,4
836,-1
837,2
838,-1
839,-1
840,8
841,-1
842,3
843,-1
844,-1
845,-1
846,-1
847,1
848,-1
849,1
850,-1
851,0
852,-1
853,-1
854,-1
855,-1
856,-1
857,-1
858,-1
859,-1
860,0
861,9
862,-1
863,-1
864,1
865,-1
866,8
867,3
868,4
869,-1
870,-1
871,-1
872,-1
873,4
874,10
875,-1
876,-1
877,1
878,-1
879,3
880,3
881,3
882,1
883,-1
884,0
885,-1
886,10
887,-1
888,3
889,-1
890,-1
891,-1
892,3
893,4
894,-1
895,0
896,3
897,-1
898,-1
899,2
900,6
901,-1
902,-1
903,1
904,-1
905,2
906,-1
907,2
908,-1
909,-1
910,-1
911,2
912,-1
913,2
914,-1
915,-1
916,2
917,-1
918,-1
919,6
920,-1
921,-1
922,-1
923,0
924,-1
925,6
926,-1
927,-1
928,-1
929,-1
930,-1
931,0
932,9
933,-1
934,-1
935,-1
936,-1
937,3
938,-1
939,-1
940,-1
941,0
942,-1
943,-1
944,-1
945,0
946,-1
947,-1
948,-1
949,-1
950,0
951,-1
952,2
953,-1
954,-1
955,-1
956,2
957,0
958,0
959,0
960,-1
961,3
962,6
963,-1
964,-1
965,-1
966,1
967,-1
968,10
969,-1
970,-1
971,-1
972,0
973,-1
974,10
975,0
976,8
977,2
978,-1
979,-1
980,4
981,-1
982,5
983,1
984,-1
985,-1
986,-1
987,-1
988,-1
989,4
990,-1
991,8
992,-1
993,-1
994,0
995,-1
996,-1
997,-1
998,-1
999,-1
1000,10
1001,-1
1002,-1
1003,3
1004,-1
1005,9
1006,-1
1007,-1
1008,-1
1009,8
1010,1
1011,-1
1012,-1
1013,8
1014,8
1015,0
1016,2
1017,2
1018,7
1019,4
1020,4
1021,-1
1022,-1
1023,-1
1024,-1
1025,-1
1026,-1
1027,-1
1028,-1
1029,-1
1030,-1
1031,-1
1032,-1
1033,-1
1034,-1
1035,8
1036,-1
1037,10
1038,3
1039,5
1040,8
1041,2
1042,4
1043,-1
1044,5
1045,5
1046,-1
1047,9
1048,-1
1049,9
1050,-1
1051,1
1052,-1
1053,-1
1054,-1
1055,10
1056,-1
1057,-1
1058,-1
1059,8
1060,-1
1061,-1
1062,-1
1063,-1
1064,-1
1065,10
1066,-1
1067,0
1068,-1
1069,-1
1070,5
1071,10
1072,-1
1073,3
1074,4
1075,-1
1076,6
1077,8
1078,5
1079,8
1080,-1
1081,-1
1082,-1
1083,0
1084,-1
1085,3
1086,-1
1087,2
1088,-1
1089,2
1090,9
1091,-1
1092,9
1093,4
1094,-1
1095,-1
1096,-1
1097,-1
1098,1
1099,9
1100,10
1101,-1
1102,2
1103,4
1104,-1
1105,-1
1106,5
1107,-1
1108,2
1109,10
1110,-1
1111,3
1112,8
1113,-1
1114,-1
1115,5
1116,4
1117,-1
1118,-1
1119,10
1120,9
1121,4
1122,8
1123,4
1124,2
1125,-1
1126,1
1127,-1
1128,-1
1129,-1
1130,4
1131,4
1132,4
1133,-1
1134,2
1135,2
1136,-1
1137,10
1138,-1
1139,5
1140,9
1141,-1
1142,-1
1143,-1
1144,9
1145,1
1146,-1
1147,-1
1148,-1
1149,-1
1150,10
1151,0
1152,10
1153,5
1154,6
1155,-1
1156,5
1157,-1
1158,4
1159,-1
1160,-1
1161,5
1162,2
1163,0
1164,-1
1165,10
1166,9
1167,9
1168,9
1169,-1
1170,4
1171,-1
1172,-1
1173,-1
1174,1
1175,4
1176,9
1177,2
1178,4
1179,10
1180,-1
1181,5
1182,5
1183,1
1184,1
1185,2
1186,2
1187,0
1188,-1
1189,0
1190,-1
1191,-1
1192,3
1193,2
1194,10
1195,-1
1196,2
1197,2
1198,-1
1199,4
1200,-1
1201,-1
1202,0
1203,2
1204,4
1205,5
1206,-1
1207,10
1208,-1
1209,9
1210,1
1211,9
1212,-1
1213,0
1214,9
1215,8
1216,0
1217,-1
1218,5
1219,4
1220,4
1221,2
1222,0
1223,-1
1224,2
1225,2
1226,2
1227,-1
1228,-1
1229,3
1230,3
1231,-1
1232,-1
1233,-1
1234,-1
1235,-1
1236,2
1237,0
1238,-1
1239,-1
1240,0
1241,-1
1242,-1
1243,-1
1244,-1
1245,-1
1246,-1
1247,-1
1248,-1
1249,-1
1250,3
1251,0
1252,2
1253,2
1254,-1
1255,-1
1256,1
1257,-1
1258,-1
1259,2
1260,-1
1261,1
1262,2
1263,-1
1264,1
1265,4
1266,1
1267,-1
1268,4
1269,-1
1270,-1
1271,-1
1272,2
1273,-1
1274,-1
1275,-1
1276,4
1277,0
1278,-1
1279,3
1280,-1
1281,9
1282,5
1283,10
1284,5
1285,-1
1286,2
1287,5
1288,10
1289,-1
1290,5
1291,10
1292,5
1293,5
1294,0
1295,0
1296,0
1297,-1
1298,-1
1299,-1
1300,-1
1301,5
1302,10
1303,-1
1304,5
1305,2
1306,6
1307,-1
1308,-1
1309,0
1310,4
1311,-1
1312,-1
1313,4
1314,4
1315,-1
1316,10
1317,-1
1318,9
1319,-1
1320,4
1321,8
1322,-1
1323,4
1324,-1
1325,-1
1326,2
1327,2
1328,-1
1329,9
1330,-1
1331,-1
1332,9
1333,0
1334,-1
1335,-1
1336,5
1337,-1
1338,3
1339,8
1340,-1
1341,-1
1342,5
1343,2
1344,8
1345,-1
1346,-1
1347,-1
1348,3
1349,-1
1350,-1
1351,2
1352,-1
1353,8
1354,-1
1355,-1
1356,3
1357,3
1358,2
1359,0
1360,3
1361,9
1362,0
1363,8
1364,5
1365,4
1366,10
1367,-1
1368,3
1369,4
1370,4
1371,2
1372,1
1373,4
1374,3
1375,2
1376,5
1377,-1
1378,10
1379,-1
1380,9
1381,0
1382,0
1383,8
1384,9
1385,3
1386,4
1387,-1
1388,3
1389,-1
1390,0
1391,6
1392,-1
1393,-1
1394,4
1395,-1
1396,-1
1397,2
1398,0
1399,-1
1400,0
1401,4
1402,5
1403,2
1404,-1
1405,2
1406,3
1407,0
1408,2
1409,2
1410,2
1411,3
1412,-1
1413,-1
1414,2
1415,1
1416,2
1417,-1
1418,2
1419,2
1420,3
1421,-1
1422,-1
1423,2
1424,3
1425,-1
1426,-1
1427,1
1428,0
1429,1
1430,1
1431,2
1432,-1
1433,0
1434,-1
1435,6
1436,0
1437,4
1438,-1
1439,5
1440,-1
1441,-1
1442,8
1443,3
1444,4
1445,6
1446,8
1447,-1
1448,-1
1449,8
1450,2
1451,-1
1452,2
1453,0
1454,1
1455,2
1456,5
1457,10
1458,-1
1459,5
1460,5
1461,5
1462,4
1463,-1
1464,5
1465,8
1466,0
1467,3
1468,10
1469,-1
1470,-1
1471,4
1472,-1
1473,-1
1474,7
1475,4
1476,1
1477,7
1478,-1
1479,-1
1480,4
1481,-1
1482,-1
1483,6
1484,0
1485,8
1486,5
1487,-1
1488,4
1489,8
1490,5
1491,1
1492,2
1493,5
1494,-1
1495,2
1496,5
1497,2
1498,-1
1499,-1
1500,2
1501,3
1502,-1
1503,4
1504,-1
1505,0
1506,9
1507,4
1508,-1
1509,-1
1510,-1
1511,6
1512,2
1513,-1
1514,0
1515,-1
1516,-1
1517,-1
1518,9
1519,-1
1520,-1
1521,1
1522,-1
1523,0
1524,5
1525,9
1526,1
1527,5
1528,-1
1529,-1
1530,-1
1531,2
1532,5
1533,-1
1534,-1
1535,-1
1536,2
1537,2
1538,2
1539,-1
1540,-1
1541,-1
1542,-1
1543,2
1544,-1
1545,5
1546,5
1547,0
1548,-1
1549,3
1550,-1
1551,-1
1552,-1
1553,-1
1554,-1
1555,3
1556,1
1557,1
1558,3
1559,-1
1560,3
1561,0
1562,-1
1563,3
1564,-1
1565,-1
1566,0
1567,-1
1568,3
1569,-1
1570,2
1571,5
1572,-1
1573,-1
1574,0
1575,5
1576,-1
1577,3
1578,-1
1579,10
1580,4
1581,-1
1582,-1
1583,9
1584,7
1585,1
1586,-1
1587,-1
1588,5
1589,4
1590,0
1591,2
1592,2
1593,-1
1594,3
1595,4
1596,-1
1597,2
1598,-1
1599,2
1600,-1
1601,2
1602,3
1603,2
1604,0
1605,-1
1606,-1
1607,-1
1608,5
1609,-1
1610,-1
1611,-1
1612,-1
1613,5
1614,-1
1615,4
1616,2
1617,2
1618,5
1619,-1
1620,8
1621,-1
1622,-1
1623,-1
1624,3
1625,-1
1626,2
1627,2
1628,2
1629,-1
1630,-1
1631,2
1632,3
1633,-1
1634,-1
1635,2
1636,-1
1637,-1
1638,2
1639,-1
1640,1
1641,-1
1642,-1
1643,-1
1644,1
1645,8
1646,-1
1647,-1
1648,-1
1649,2
1650,-1
1651,2
1652,3
1653,-1
1654,9
1655,-1
1656,3
1657,2
1658,1
1659,1
1660,-1
1661,3
1662,2
1663,2
1664,0
1665,3
1666,2
1667,-1
1668,-1
1669,-1
1670,5
1671,2
1672,-1
1673,1
1674,1
1675,-1
1676,5
1677,1
1678,2
1679,-1
1680,2
1681,4
1682,-1
1683,5
1684,-1
1685,-1
1686,2
1687,2
1688,0
1689,2
1690,-1
1691,-1
1692,2
1693,0
1694,2
1695,-1
1696,1
1697,-1
1698,4
1699,-1
1700,2
1701,2
1702,4
1703,4
1704,10
1705,-1
1706,4
1707,-1
1708,0
1709,-1
1710,4
1711,-1
1712,9
1713,10
1714,10
1715,8
1716,9
1717,-1
1718,5
1719,0
1720,-1
1721,2
1722,10
1723,4
1724,-1
1725,4
1726,4
1727,9
1728,0
1729,4
1730,2
1731,2
1732,-1
1733,-1
1734,4
1735,4
1736,-1
1737,0
1738,10
1739,9
1740,2
1741,-1
1742,4
1743,4
1744,-1
1745,4
1746,4
1747,-1
1748,9
1749,1
1750,-1
1751,-1
1752,2
1753,2
1754,-1
1755,10
1756,3
1757,4
1758,-1
1759,4
1760,4
1761,-1
1762,1
1763,-1
1764,2
1765,-1
1766,2
1767,0
1768,2
1769,0
1770,5
1771,4
1772,-1
1773,1
1774,-1
1775,-1
1776,-1
1777,0
1778,-1
1779,-1
1780,2
1781,9
1782,3
1783,10
1784,9
1785,5
1786,-1
1787,3
1788,2
1789,2
1790,-1
1791,-1
1792,1
1793,3
1794,-1
1795,1
1796,-1
1797,2
1798,3
1799,1
1800,-1
1801,1
1802,-1
1803,0
1804,2
1805,-1
1806,5
1807,2
1808,4
1809,0
1810,2
1811,0
1812,8
1813,10
1814,3
1815,1
1816,2
1817,2
1818,0
1819,-1
1820,2
1821,-1
1822,2
1823,0
1824,1
1825,2
1826,3
1827,-1
1828,-1
1829,8
1830,-1
1831,-1
1832,4
1833,-1
1834,-1
1835,-1
1836,4
1837,10
1838,1
1839,7
1840,-1
1841,-1
1842,-1
1843,-1
1844,10
1845,10
1846,2
1847,-1
1848,10
1849,10
1850,8
1851,5
1852,10
1853,8
1854,-1
1855,2
1856,5
1857,5
1858,10
1859,-1
1860,-1
1861,4
1862,-1
1863,-1
1864,4
1865,4
1866,1
1867,-1
1868,10
1869,10
1870,4
1871,2
1872,5
1873,7
1874,-1
1875,-1
1876,10
1877,8
1878,10
1879,-1
1880,8
1881,5
1882,-1
1883,8
1884,-1
1885,7
1886,9
1887,-1
1888,1
1889,1
1890,-1
1891,4
1892,-1
1893,8
1894,5
1895,4
1896,10
1897,2
1898,-1
1899,7
1900,-1
1901,8
1902,10
1903,2
1904,-1
1905,5
1906,4
1907,-1
1908,4
1909,0
1910,0
1911,4
1912,-1
1913,-1
1914,4
1915,9
1916,2
1917,9
1918,-1
1919,9
1920,4
1921,-1
1922,10
1923,-1
1924,-1
1925,2
1926,-1
1927,10
1928,2
1929,-1
1930,3
1931,6
1932,5
1933,-1
1934,-1
1935,-1
1936,5
1937,-1
1938,-1
1939,-1
1940,2
1941,0
1942,-1
1943,-1
1944,10
1945,-1
1946,9
1947,4
1948,-1
1949,0
1950,10
1951,6
1952,5
1953,-1
1954,0
1955,-1
1956,-1
1957,10
1958,2
1959,-1
1960,-1
1961,0
1962,-1
1963,2
1964,2
1965,3
1966,-1
1967,2
1968,0
1969,-1
1970,0
1971,1
1972,-1
1973,-1
1974,2
1975,2
1976,-1
1977,0
1978,1
1979,-1
1980,-1
1981,10
1982,2
1983,-1
1984,10
1985,8
1986,-1
1987,-1
1988,4
1989,-1
1990,-1
1991,4
1992,-1
1993,-1
1994,-1
1995,-1
1996,-1
1997,-1
1998,8
1999,4
2000,-1
2001,-1
2002,5
2003,9
2004,-1
2005,10
2006,5
2007,8
2008,9
2009,-1
2010,-1
2011,4
2012,10
2013,10
2014,9
2015,10
2016,-1
2017,-1
2018,-1
2019,-1
2020,-1
2021,0
2022,-1
2023,8
2024,10
2025,-1
2026,5
2027,10
2028,-1
2029,-1
2030,10
2031,4
2032,-1
2033,9
2034,1
2035,8
2036,-1
2037,4
2038,-1
2039,5
2040,4
2041,9
2042,-1
2043,-1
2044,9
2045,-1
2046,5
2047,10
2048,-1
2049,-1
2050,3
2051,10
2052,-1
2053,9
2054,10
2055,-1
2056,-1
2057,9
2058,-1
2059,0
2060,5
2061,5
2062,9
2063,0
2064,2
2065,-1
2066,10
2067,-1
2068,4
2069,10
2070,5
2071,5
2072,8
2073,1
2074,-1
2075,-1
2076,5
2077,10
2078,5
2079,-1
2080,10
2081,5
2082,5
2083,4
2084,-1
2085,5
2086,4
2087,2
2088,8
2089,-1
2090,-1
2091,-1
2092,-1
2093,2
2094,10
2095,-1
2096,5
2097,-1
2098,4
2099,-1
2100,-1
2101,2
2102,-1
2103,-1
2104,4
2105,-1
2106,4
2107,9
2108,-1
2109,-1
2110,-1
2111,5
2112,-1
2113,-1
2114,-1
2115,-1
2116,-1
2117,-1
2118,-1
2119,2
2120,3
2121,-1
2122,-1
2123,0
2124,-1
2125,-1
2126,-1
2127,0
2128,-1
2129,0
2130,-1
2131,0
2132,2
2133,3
2134,2
2135,0
2136,-1
2137,4
2138,4
2139,8
2140,-1
2141,0
2142,4
2143,8
2144,10
2145,2
2146,-1
2147,2
2148,10
2149,-1
2150,10
2151,-1
2152,10
2153,-1
2154,-1
2155,10
2156,4
2157,-1
2158,-1
2159,3
2160,10
2161,-1
2162,2
2163,2
2164,2
2165,-1
2166,-1
2167,5
2168,3
2169,-1
2170,-1
2171,0
2172,-1
2173,2
2174,-1
2175,-1
2176,3
2177,-1
2178,1
2179,2
2180,5
2181,-1
2182,8
2183,-1
2184,10
2185,-1
2186,1
2187,-1
2188,-1
2189,5
2190,10
2191,-1
2192,5
2193,9
2194,-1
2195,4
2196,0
2197,10
2198,1
2199,-1
2200,4
2201,0
2202,-1
2203,5
2204,9
2205,5
2206,5
2207,5
2208,10
2209,-1
2210,-1
2211,5
2212,-1
2213,0
2214,5
2215,10
2216,10
2217,8
2218,5
2219,5
2220,5
2221,4
2222,5
2223,5
2224,-1
2225,5
2226,8
2227,-1
2228,-1
2229,5
2230,-1
2231,-1
2232,-1
2233,-1
2234,10
2235,-1
2236,4
2237,-1
2238,-1
2239,9
2240,8
2241,5
2242,-1
2243,4
2244,4
2245,1
2246,1
2247,2
2248,-1
2249,2
2250,2
2251,10
2252,4
2253,4
2254,-1
2255,-1
2256,10
2257,-1
2258,-1
2259,10
2260,8
2261,4
2262,5
2263,10
2264,-1
2265,3
2266,2
2267,2
2268,5
2269,2
2270,5
2271,-1
2272,2
2273,10
2274,-1
2275,-1
2276,8
2277,-1
2278,-1
2279,10
2280,-1
2281,-1
2282,5
2283,2
2284,8
2285,-1
2286,5
2287,1
2288,5
2289,5
2290,10
2291,0
2292,3
2293,4
2294,-1
2295,-1
2296,3
2297,5
2298,8
2299,-1
2300,-1
2301,2
2302,-1
2303,-1
2304,-1
2305,-1
2306,3
2307,-1
2308,-1
2309,-1
2310,2
2311,2
2312,-1
2313,5
2314,-1
2315,-1
2316,0
2317,10
2318,-1
2319,-1
2320,-1
2321,-1
2322,-1
2323,0
2324,-1
2325,5
2326,-1
2327,-1
2328,-1
2329,4
2330,-1
2331,-1
2332,2
2333,2
2334,2
2335,2
2336,-1
2337,3
2338,1
2339,1
2340,-1
2341,2
2342,0
2343,-1
2344,-1
2345,-1
2346,-1
2347,2
2348,-1
2349,-1
2350,2
2351,2
2352,0
2353,-1
2354,-1
2355,1
2356,3
2357,8
2358,-1
2359,5
2360,5
2361,-1
2362,0
2363,-1
2364,10
2365,-1
2366,4
2367,10
2368,4
2369,5
2370,8
2371,-1
2372,0
2373,5
2374,-1
2375,4
2376,-1
2377,-1
2378,8
2379,5
2380,5
2381,-1
2382,-1
2383,-1
2384,-1
2385,-1
2386,3
2387,-1
2388,0
2389,4
2390,-1
2391,5
2392,1
2393,5
2394,4
2395,-1
2396,-1
2397,-1
2398,5
2399,10
2400,-1
2401,4
2402,-1
2403,-1
2404,-1
2405,5
2406,4
2407,10
2408,-1
2409,5
2410,9
2411,-1
2412,-1
2413,2
2414,-1
2415,-1
2416,9
2417,5
2418,10
2419,-1
2420,5
2421,0
2422,-1
2423,-1
2424,0
2425,8
2426,-1
2427,-1
2428,5
2429,-1
2430,5
2431,-1
2432,9
2433,5
2434,0
2435,9
2436,-1
2437,-1
2438,-1
2439,8
2440,5
2441,2
2442,5
2443,-1
2444,3
2445,-1
2446,0
2447,1
2448,5
2449,-1
2450,-1
2451,-1
2452,10
2453,-1
2454,0
2455,4
2456,4
2457,9
2458,-1
2459,-1
2460,-1
2461,-1
2462,-1
2463,5
2464,-1
2465,3
2466,-1
2467,5
2468,-1
2469,-1
2470,2
2471,0
2472,-1
2473,0
2474,5
2475,-1
2476,2
2477,-1
2478,0
2479,-1
2480,-1
2481,2
2482,8
2483,5
2484,3
2485,-1
2486,-1
2487,0
2488,5
2489,0
2490,-1
2491,3
2492,5
2493,5
2494,0
2495,1
2496,5
2497,2
2498,-1
2499,0
2500,-1
2501,2
2502,-1
2503,-1
2504,3
2505,4
2506,-1
2507,0
2508,0
2509,-1
2510,2
2511,-1
2512,-1
2513,-1
2514,0
2515,2
2516,-1
2517,1
2518,2
2519,3
2520,1
2521,2
2522,2
2523,2
2524,3
2525,-1
2526,-1
2527,-1
2528,5
2529,8
2530,0
2531,9
2532,4
2533,4
2534,5
2535,9
2536,10
2537,-1
2538,-1
2539,-1
2540,-1
2541,-1
2542,-1
2543,1
2544,-1
2545,-1
2546,-1
2547,0
2548,-1
2549,8
2550,-1
2551,5
2552,-1
2553,10
2554,2
2555,-1
2556,-1
2557,-1
2558,4
2559,4
2560,4
2561,4
2562,5
2563,-1
2564,9
2565,4
2566,-1
2567,8
2568,-1
2569,-1
2570,-1
2571,-1
2572,-1
2573,8
2574,-1
2575,-1
2576,3
2577,8
2578,5
2579,7
2580,2
2581,-1
2582,-1
2583,0
2584,-1
2585,3
2586,-1
2587,-1
2588,-1
2589,9
2590,-1
2591,-1
2592,0
2593,-1
2594,8
2595,4
2596,8
2597,10
2598,4
2599,-1
2600,4
2601,8
2602,-1
2603,2
2604,5
2605,3
2606,0
2607,-1
2608,5
2609,-1
2610,-1
2611,-1
2612,4
2613,-1
2614,-1
2615,4
2616,10
2617,4
2618,2
2619,2
2620,0
2621,6
2622,0
2623,10
2624,-1
2625,3
2626,0
2627,2
2628,0
2629,-1
2630,-1
2631,-1
2632,2
2633,2
2634,0
2635,2
2636,2
2637,-1
2638,-1
2639,1
2640,1
2641,2
2642,1
2643,0
2644,0
2645,-1
2646,8
2647,-1
2648,5
2649,-1
2650,-1
2651,2
2652,-1
2653,-1
2654,5
2655,-1
2656,4
2657,4
2658,-1
2659,5
2660,8
2661,-1
2662,5
2663,-1
2664,-1
2665,-1
2666,-1
2667,10
2668,-1
2669,-1
2670,8
2671,1
2672,5
2673,-1
2674,-1
2675,-1
2676,8
2677,-1
2678,3
2679,-1
2680,5
2681,10
2682,-1
2683,0
2684,0
2685,-1
2686,-1
2687,1
2688,-1
2689,-1
2690,-1
2691,-1
2692,4
2693,9
2694,2
2695,2
2696,-1
2697,4
2698,4
2699,4
2700,-1
2701,10
2702,4
2703,0
2704,0
2705,-1
2706,-1
2707,-1
2708,2
2709,-1
2710,-1
2711,0
2712,-1
2713,4
2714,-1
2715,-1
2716,-1
2717,2
2718,1
2719,-1
2720,1
2721,-1
2722,-1
2723,-1
2724,0
2725,-1
2726,0
2727,-1
2728,0
2729,2
2730,2
2731,6
2732,2
2733,1
2734,-1
2735,-1
2736,2
2737,1
2738,2
2739,2
2740,1
2741,2
2742,1
2743,2
2744,-1
2745,-1
2746,1
2747,8
2748,-1
2749,-1
2750,2
2751,-1
2752,8
2753,9
2754,-1
2755,-1
2756,-1
2757,10
2758,5
2759,10
2760,4
2761,-1
2762,9
2763,-1
2764,-1
2765,10
2766,-1
2767,-1
2768,5
2769,5
2770,9
2771,2
2772,3
2773,-1
2774,10
2775,6
2776,-1
2777,-1
2778,8
2779,4
2780,4
2781,-1
2782,9
2783,4
2784,-1
2785,10
2786,4
2787,-1
2788,9
2789,10
2790,10
2791,-1
2792,2
2793,10
2794,10
2795,-1
2796,0
2797,5
2798,0
2799,4
2800,2
2801,5
2802,-1
2803,0
2804,9
2805,3
2806,-1
2807,0
2808,5
2809,-1
2810,-1
2811,4
2812,3
2813,-1
2814,-1
2815,9
2816,3
2817,1
2818,-1
2819,-1
2820,5
2821,1
2822,-1
2823,-1
2824,0
2825,10
2826,0
2827,2
2828,2
2829,-1
2830,0
2831,2
2832,3
2833,-1
2834,-1
2835,-1
2836,1
2837,-1
2838,-1
2839,-1
2840,1
2841,1
2842,3
2843,-1
2844,-1
2845,-1
2846,-1
2847,-1
2848,3
2849,2
2850,1
2851,10
2852,3
2853,-1
2854,-1
2855,-1
2856,-1
2857,4
2858,-1
2859,2
2860,7
2861,10
2862,0
2863,3
2864,9
2865,-1
2866,8
2867,2
2868,8
2869,1
2870,9
2871,-1
2872,7
2873,0
2874,6
2875,0
2876,-1
2877,1
2878,3
2879,10
2880,5
2881,-1
2882,-1
2883,5
2884,-1
2885,-1
2886,-1
2887,10
2888,-1
2889,5
2890,0
2891,-1
2892,8
2893,-1
2894,-1
2895,-1
2896,5
2897,5
2898,2
2899,-1
2900,10
2901,1
2902,8
2903,-1
2904,10
2905,-1
2906,-1
2907,-1
2908,2
2909,-1
2910,-1
2911,-1
2912,-1
2913,2
2914,10
2915,8
2916,2
2917,10
2918,9
2919,8
2920,-1
2921,-1
2922,-1
2923,-1
2924,9
2925,-1
2926,5
2927,1
2928,-1
2929,-1
2930,-1
2931,0
2932,10
2933,3
2934,-1
2935,-1
2936,4
2937,0
2938,-1
2939,-1
2940,3
2941,-1
2942,0
2943,2
2944,-1
2945,-1
2946,-1
2947,0
2948,1
2949,2
2950,1
2951,0
2952,2
2953,2
2954,2
2955,2
2956,2
2957,1
2958,1
2959,1
2960,8
2961,-1
2962,9
2963,-1
2964,-1
2965,-1
2966,-1
2967,4
2968,2
2969,3
2970,-1
2971,3
2972,3
2973,2
2974,-1
2975,0
2976,0
2977,-1
2978,-1
2979,-1
2980,-1
2981,3
2982,1
2983,-1
2984,3
2985,-1
2986,3
2987,-1
2988,-1
2989,3
2990,0
2991,2
2992,2
2993,2
2994,2
2995,3
2996,3
2997,-1
2998,2
2999,8
3000,1
3001,0
3002,-1
3003,0
3004,1
3005,-1
3006,4
3007,-1
3008,0
3009,2
3010,-1
3011,3
3012,-1
3013,2
3014,0
3015,-1
3016,3
3017,3
3018,-1
3019,0
3020,9
3021,0
3022,-1
3023,-1
3024,0
3025,-1
3026,0
3027,2
3028,-1
3029,2
3030,1
3031,-1
3032,1
3033,-1
3034,0
3035,2
3036,-1
3037,5
3038,2
3039,4
3040,0
3041,2
3042,0
3043,8
3044,10
3045,3
3046,1
3047,2
3048,2
3049,0
3050,-1
3051,2
3052,-1
3053,2
3054,0
3055,1
3056,2
3057,3
3058,4
3059,10
3060,1
3061,-1
3062,-1
3063,10
3064,-1
3065,-1
3066,-1
3067,-1
3068,8
3069,-1
3070,10
3071,4
3072,-1
3073,-1
3074,0
3075,2
3076,2
3077,-1
3078,3
3079,0
3080,-1
3081,2
3082,1
3083,0
3084,2
3085,4
3086,2
3087,0
3088,-1
3089,3
3090,-1
3091,3
3092,3
3093,3
3094,-1
3095,4
3096,-1
3097,-1
3098,8
3099,-1
3100,2
3101,4
3102,0
3103,2
3104,4
3105,3
3106,3
3107,4
3108,-1
3109,-1
3110,6
3111,9
3112,-1
3113,-1
3114,4
3115,4
3116,5
3117,4
3118,9
3119,9
3120,2
3121,-1
3122,1
3123,-1
3124,0
3125,3
3126,4
3127,-1
3128,-1
3129,-1
3130,-1
3131,0
3132,-1
3133,8
3134,2
3135,-1
3136,-1
3137,2
3138,0
3139,2
3140,1
3141,2
3142,1
3143,0
3144,2
3145,1
3146,2
3147,3
3148,2
3149,-1
3150,10
3151,-1
3152,-1
3153,0
3154,2
3155,8
3156,-1
3157,-1
3158,7
3159,7
3160,7
3161,5
3162,1
3163,5
3164,6
3165,8
3166,-1
3167,10
3168,-1
3169,10
3170,3
3171,4
3172,8
3173,-1
3174,8
3175,8
3176,-1
3177,-1
3178,-1
3179,10
3180,2
3181,-1
3182,10
3183,6
3184,8
3185,-1
3186,-1
3187,-1
3188,4
3189,10
3190,1
3191,-1
3192,-1
3193,8
3194,2
3195,6
3196,-1
3197,7
3198,7
3199,2
3200,4
3201,7
3202,-1
3203,-1
3204,-1
3205,-1
3206,-1
3207,10
3208,8
3209,2
3210,7
3211,3
3212,7
3213,2
3214,0
3215,-1
3216,7
3217,-1
3218,0
3219,-1
3220,-1
3221,-1
3222,6
3223,5
3224,4
3225,0
3226,-1
3227,-1
3228,8
3229,8
3230,8
3231,-1
3232,10
3233,0
3234,3
3235,5
3236,10
3237,-1
3238,8
3239,2
3240,-1
3241,-1
3242,-1
3243,-1
3244,-1
3245,2
3246,2
3247,8
3248,-1
3249,-1
3250,2
3251,-1
3252,0
3253,-1
3254,2
3255,-1
3256,3
3257,-1
3258,-1
3259,-1
3260,-1
3261,-1
3262,-1
3263,-1
3264,-1
3265,-1
3266,6
3267,2
3268,0
3269,-1
3270,6
3271,0
3272,-1
3273,3
3274,-1
3275,-1
3276,2
3277,2
3278,2
3279,6
3280,-1
3281,-1
3282,0
3283,-1
3284,10
3285,-1
3286,5
3287,0
3288,3
3289,10
3290,7
3291,-1
3292,-1
3293,7
3294,-1
3295,-1
3296,-1
3297,10
3298,7
3299,-1
3300,2
3301,-1
3302,-1
3303,6
3304,-1
3305,7
3306,-1
3307,7
3308,-1
3309,-1
3310,2
3311,-1
3312,2
3313,-1
3314,-1
3315,-1
3316,7
3317,4
3318,-1
3319,2
3320,2
3321,3
3322,-1
3323,-1
3324,-1
3325,4
3326,0
3327,8
3328,8
3329,-1
3330,-1
3331,-1
3332,-1
3333,3
3334,-1
3335,2
3336,-1
3337,7
3338,3
3339,-1
3340,-1
3341,-1
3342,7
3343,8
3344,0
3345,1
3346,3
3347,-1
3348,-1
3349,3
3350,-1
3351,4
3352,7
3353,-1
3354,8
3355,-1
3356,8
3357,2
3358,8
3359,7
3360,-1
3361,8
3362,8
3363,-1
3364,-1
3365,8
3366,3
3367,7
3368,-1
3369,2
3370,7
3371,2
3372,3
3373,10
3374,2
3375,-1
3376,-1
3377,-1
3378,4
3379,-1
3380,2
3381,-1
3382,0
3383,3
3384,6
3385,2
3386,3
3387,3
3388,-1
3389,-1
3390,-1
3391,2
3392,2
3393,2
3394,-1
3395,-1
3396,-1
3397,-1
3398,7
3399,-1
3400,-1
3401,2
3402,6
3403,-1
3404,-1
3405,0
3406,-1
3407,0
3408,-1
3409,2
3410,8
3411,-1
3412,-1
3413,-1
3414,7
3415,3
3416,10
3417,1
3418,-1
3419,-1
3420,-1
3421,0
3422,-1
3423,10
3424,8
3425,7
3426,-1
3427,5
3428,8
3429,-1
3430,0
3431,8
3432,8
3433,-1
3434,-1
3435,5
3436,0
3437,-1
3438,6
3439,-1
3440,1
3441,7
3442,4
3443,-1
3444,-1
3445,8
3446,-1
3447,8
3448,-1
3449,-1
3450,4
3451,10
3452,-1
3453,2
3454,0
3455,-1
3456,5
3457,-1
3458,-1
3459,-1
3460,2
3461,-1
3462,0
3463,-1
3464,-1
3465,-1
3466,8
3467,4
3468,2
3469,-1
3470,6
3471,6
3472,-1
3473,-1
3474,-1
3475,-1
3476,-1
3477,6
3478,-1
3479,0
3480,0
3481,3
3482,2
3483,-1
3484,4
3485,9
3486,8
3487,-1
3488,-1
3489,4
3490,-1
3491,-1
3492,-1
3493,10
3494,5
3495,8
3496,8
3497,9
3498,0
3499,-1
3500,-1
3501,-1
3502,-1
3503,-1
3504,3
3505,-1
3506,3
3507,5
3508,-1
3509,-1
3510,10
3511,-1
3512,-1
3513,-1
3514,0
3515,3
3516,2
3517,2
3518,7
3519,-1
3520,2
3521,7
3522,2
3523,-1
3524,2
3525,-1
3526,2
3527,5
3528,8
3529,5
3530,5
3531,10
3532,-1
3533,-1
3534,10
3535,-1
3536,-1
3537,-1
3538,2
3539,-1
3540,2
3541,5
3542,-1
3543,0
3544,-1
3545,10
3546,1
3547,9
3548,-1
3549,-1
3550,8
3551,-1
3552,2
3553,-1
3554,2
3555,-1
3556,-1
3557,10
3558,0
3559,0
3560,-1
3561,-1
3562,-1
3563,-1
3564,9
3565,3
3566,0
3567,0
3568,-1
3569,4
3570,10
3571,3
3572,8
3573,-1
3574,4
3575,9
3576,10
3577,-1
3578,2
3579,5
3580,4
3581,-1
3582,5
3583,-1
3584,-1
3585,8
3586,5
3587,10
3588,0
3589,4
3590,-1
3591,2
3592,-1
3593,-1
3594,-1
3595,-1
3596,5
3597,0
3598,-1
3599,10
3600,-1
3601,-1
3602,4
3603,2
3604,10
3605,5
3606,-1
3607,-1
3608,-1
3609,-1
3610,-1
3611,0
3612,-1
3613,-1
3614,2
3615,-1
3616,0
3617,2
3618,1
3619,-1
3620,-1
3621,-1
3622,0
3623,-1
3624,5
3625,7
3626,8
3627,-1
3628,10
3629,2
3630,-1
3631,-1
3632,8
3633,-1
3634,10
3635,9
3636,-1
3637,8
3638,2
3639,10
3640,9
3641,5
3642,2
3643,-1
3644,-1
3645,-1
3646,-1
3647,2
3648,5
3649,10
3650,4
3651,-1
3652,9
3653,10
3654,-1
3655,2
3656,8
3657,-1
3658,-1
3659,10
3660,4
3661,-1
3662,-1
3663,10
3664,-1
3665,-1
3666,4
3667,-1
3668,2
3669,2
3670,0
3671,2
3672,-1
3673,-1
3674,10
3675,-1
3676,10
3677,-1
3678,-1
3679,0
3680,4
3681,6
3682,0
3683,10
3684,0
3685,9
3686,-1
3687,1
3688,2
3689,-1
3690,-1
3691,10
3692,-1
3693,9
3694,-1
3695,0
3696,3
3697,4
3698,2
3699,2
3700,3
3701,3
3702,-1
3703,-1
3704,1
3705,2
3706,2
3707,2
3708,-1
3709,-1
3710,-1
3711,8
3712,9
3713,2
3714,-1
3715,9
3716,-1
3717,4
3718,0
3719,8
3720,9
3721,3
3722,7
3723,2
3724,4
3725,-1
3726,10
3727,-1
3728,-1
3729,2
3730,8
3731,2
3732,-1
3733,2
3734,2
3735,0
3736,4
3737,2
3738,-1
3739,-1
3740,2
3741,-1
3742,2
3743,2
3744,-1
3745,2
3746,-1
3747,4
3748,9
3749,-1
3750,-1
3751,5
3752,2
3753,2
3754,2
3755,-1
3756,8
3757,-1
3758,0
3759,8
3760,10
3761,8
3762,-1
3763,1
3764,-1
3765,2
3766,-1
3767,-1
3768,-1
3769,3
3770,1
3771,5
3772,-1
3773,-1
3774,10
3775,10
3776,-1
3777,4
3778,-1
3779,8
3780,2
3781,2
3782,0
3783,2
3784,-1
3785,-1
3786,-1
3787,2
3788,3
3789,2
3790,-1
3791,-1
3792,-1
3793,2
3794,-1
3795,8
3796,-1
3797,-1
3798,2
3799,4
3800,5
3801,4
3802,4
3803,8
3804,7
3805,4
3806,-1
3807,2
3808,-1
3809,-1
3810,-1
3811,10
3812,-1
3813,-1
3814,8
3815,-1
3816,4
3817,2
3818,10
3819,-1
3820,-1
3821,-1
3822,5
3823,10
3824,-1
3825,-1
3826,10
3827,9
3828,-1
3829,-1
3830,4
3831,5
3832,10
3833,10
3834,8
3835,9
3836,4
3837,-1
3838,-1
3839,6
3840,-1
3841,10
3842,5
3843,8
3844,9
3845,8
3846,-1
3847,9
3848,2
3849,5
3850,5
3851,8
3852,5
3853,-1
3854,-1
3855,8
3856,-1
3857,9
3858,8
3859,-1
3860,4
3861,2
3862,1
3863,2
3864,2
3865,-1
3866,-1
3867,2
3868,-1
3869,2
3870,-1
3871,2
3872,0
3873,0
3874,-1
3875,0
3876,8
3877,-1
3878,2
3879,4
3880,8
3881,-1
3882,-1
3883,10
3884,-1
3885,-1
3886,-1
3887,3
3888,-1
3889,2
3890,-1
3891,8
3892,10
3893,-1
3894,-1
3895,8
3896,-1
3897,-1
3898,5
3899,-1
3900,-1
3901,8
3902,0
3903,-1
3904,2
3905,-1
3906,3
3907,10
3908,-1
3909,10
3910,-1
3911,-1
3912,4
3913,7
3914,10
3915,-1
3916,4
3917,2
3918,3
3919,10
3920,5
3921,1
3922,3
3923,2
3924,2
3925,3
3926,-1
3927,-1
3928,-1
3929,0
3930,10
3931,1
3932,-1
3933,9
3934,-1
3935,-1
3936,-1
3937,-1
3938,1
3939,-1
3940,0
3941,-1
3942,10
3943,-1
3944,10
3945,0
3946,10
3947,-1
3948,-1
3949,-1
3950,-1
3951,10
3952,8
3953,6
3954,2
3955,-1
3956,10
3957,9
3958,8
3959,10
3960,-1
3961,-1
3962,-1
3963,10
3964,-1
3965,6
3966,-1
3967,2
3968,10
3969,7
3970,0
3971,4
3972,-1
3973,7
3974,-1
3975,2
3976,4
3977,-1
3978,-1
3979,-1
3980,-1
3981,-1
3982,10
3983,-1
3984,9
3985,0
3986,-1
3987,0
3988,8
3989,-1
3990,10
3991,7
3992,-1
3993,9
3994,10
3995,-1
3996,10
3997,-1
3998,-1
3999,5
4000,-1
4001,7
4002,-1
4003,-1
4004,2
4005,8
4006,2
4007,8
4008,10
4009,-1
4010,6
4011,-1
4012,2
4013,-1
4014,8
4015,-1
4016,0
4017,-1
4018,7
4019,-1
4020,-1
4021,5
4022,8
4023,1
4024,5
4025,-1
4026,-1
4027,0
4028,-1
4029,-1
4030,5
4031,-1
4032,-1
4033,10
4034,-1
4035,10
4036,5
4037,0
4038,8
4039,4
4040,-1
4041,-1
4042,-1
4043,5
4044,-1
4045,-1
4046,2
4047,0
4048,-1
4049,-1
4050,7
4051,3
4052,8
4053,2
4054,-1
4055,-1
4056,5
4057,-1
4058,-1
4059,4
4060,10
4061,-1
4062,5
4063,5
4064,8
4065,-1
4066,0
4067,-1
4068,-1
4069,2
4070,8
4071,8
4072,-1
4073,-1
4074,8
4075,10
4076,-1
4077,10
4078,-1
4079,-1
4080,-1
4081,4
4082,-1
4083,-1
4084,-1
4085,-1
4086,8
4087,2
4088,-1
4089,9
4090,5
4091,9
4092,-1
4093,1
4094,-1
4095,-1
4096,1
4097,9
4098,5
4099,-1
4100,-1
4101,-1
4102,-1
4103,1
4104,-1
4105,-1
4106,-1
4107,-1
4108,2
4109,-1
4110,-1
4111,-1
4112,3
4113,-1
4114,2
4115,-1
4116,-1
4117,-1
4118,2
4119,-1
4120,2
4121,2
4122,-1
4123,-1
4124,-1
4125,-1
4126,-1
4127,3
4128,2
4129,2
4130,-1
4131,2
4132,4
4133,2
4134,-1
4135,-1
4136,-1
4137,-1
4138,7
4139,-1
4140,8
4141,7
4142,-1
4143,7
4144,-1
4145,6
4146,-1
4147,-1
4148,-1
4149,-1
4150,8
4151,-1
4152,8
4153,-1
4154,-1
4155,3
4156,4
4157,10
4158,8
4159,1
4160,7
4161,-1
4162,3
4163,-1
4164,-1
4165,10
4166,-1
4167,8
4168,3
4169,10
4170,6
4171,1
4172,-1
4173,-1
4174,-1
4175,7
4176,3
4177,4
4178,2
4179,10
4180,2
4181,2
4182,-1
4183,2
4184,4
4185,6
4186,-1
4187,-1
4188,5
4189,9
4190,8
4191,7
4192,0
4193,-1
4194,-1
4195,-1
4196,9
4197,-1
4198,-1
4199,-1
4200,-1
4201,7
4202,-1
4203,-1
4204,4
4205,8
4206,-1
4207,-1
4208,5
4209,0
4210,2
4211,0
4212,-1
4213,2
4214,-1
4215,2
4216,3
4217,2
4218,2
4219,-1
4220,-1
4221,8
4222,1
4223,-1
4224,9
4225,10
4226,10
4227,-1
4228,2
4229,-1
4230,-1
4231,2
4232,-1
4233,-1
4234,-1
4235,5
4236,10
4237,1
4238,6
4239,-1
4240,10
4241,-1
4242,7
4243,-1
4244,5
4245,-1
4246,-1
4247,4
4248,1
4249,1
4250,-1
4251,8
4252,-1
4253,-1
4254,-1
4255,10
4256,9
4257,-1
4258,-1
4259,0
4260,-1
4261,4
4262,5
4263,-1
4264,8
4265,-1
4266,-1
4267,3
4268,10
4269,1
4270,8
4271,-1
4272,2
4273,8
4274,1
4275,-1
4276,7
4277,5
4278,-1
4279,-1
4280,1
4281,0
4282,0
4283,4
4284,-1
4285,-1
4286,-1
4287,10
4288,4
4289,8
4290,-1
4291,-1
4292,10
4293,-1
4294,-1
4295,0
4296,2
4297,-1
4298,-1
4299,-1
4300,6
4301,-1
4302,-1
4303,-1
4304,-1
4305,-1
4306,2
4307,1
4308,6
4309,2
4310,3
4311,3
4312,2
4313,8
4314,-1
4315,-1
4316,7
4317,-1
4318,-1
4319,2
4320,-1
4321,-1
4322,-1
4323,-1
4324,-1
4325,10
4326,10
4327,-1
4328,1
4329,-1
4330,-1
4331,-1
4332,1
4333,10
4334,2
4335,10
4336,2
4337,4
4338,1
4339,0
4340,4
4341,2
4342,-1
4343,2
4344,-1
4345,4
4346,4
4347,-1
4348,4
4349,10
4350,8
4351,8
4352,-1
4353,4
4354,0
4355,-1
4356,-1
4357,4
4358,2
4359,-1
4360,0
4361,-1
4362,0
4363,2
4364,-1
4365,-1
4366,-1
4367,-1
4368,-1
4369,2
4370,0
4371,-1
4372,0
4373,-1
4374,-1
4375,-1
4376,-1
4377,2
4378,-1
4379,-1
4380,1
4381,-1
4382,-1
4383,-1
4384,4
4385,3
4386,-1
4387,-1
4388,3
4389,-1
4390,10
4391,2
4392,-1
4393,-1
4394,7
4395,9
4396,-1
4397,3
4398,4
4399,8
4400,10
4401,-1
4402,2
4403,-1
4404,-1
4405,4
4406,-1
4407,10
4408,-1
4409,4
4410,-1
4411,-1
4412,-1
4413,2
4414,4
4415,4
4416,-1
4417,3
4418,5
4419,2
4420,-1
4421,4
4422,-1
4423,-1
4424,2
4425,-1
4426,-1
4427,0
4428,10
4429,2
4430,-1
4431,-1
4432,2
4433,2
4434,2
4435,2
4436,-1
4437,-1
4438,-1
4439,-1
4440,-1
4441,-1
4442,0
4443,-1
4444,-1
4445,-1
4446,2
4447,9
4448,2
4449,0
4450,2
4451,2
4452,-1
4453,3
4454,2
4455,3
4456,8
4457,-1
4458,-1
4459,-1
4460,1
4461,-1
4462,6
4463,-1
4464,1
4465,0
4466,9
4467,-1
4468,9
4469,0
4470,-1
4471,-1
4472,8
4473,-1
4474,-1
4475,9
4476,10
4477,-1
4478,-1
4479,0
4480,-1
4481,-1
4482,0
4483,-1
4484,8
4485,2
4486,0
4487,3
4488,3
4489,2
4490,-1
4491,4
4492,-1
4493,-1
4494,-1
4495,-1
4496,-1
4497,6
4498,-1
4499,-1
4500,-1
4501,4
4502,5
4503,8
4504,0
4505,2
4506,-1
4507,10
4508,10
4509,1
4510,-1
4511,-1
4512,4
4513,9
4514,-1
4515,-1
4516,3
4517,-1
4518,0
4519,2
4520,2
4521,2
4522,0
4523,2
4524,0
4525,-1
4526,2
4527,0
4528,-1
4529,-1
4530,-1
4531,5
4532,-1
4533,4
4534,3
4535,-1
4536,-1
4537,-1
4538,-1
4539,-1
4540,10
4541,3
4542,7
4543,-1
4544,-1
4545,-1
4546,-1
4547,-1
4548,-1
4549,7
4550,10
4551,-1
4552,5
4553,-1
4554,1
4555,9
4556,-1
4557,5
4558,-1
4559,1
4560,-1
4561,-1
4562,-1
4563,5
4564,3
4565,-1
4566,7
4567,4
4568,5
4569,2
4570,-1
4571,5
4572,2
4573,0
4574,-1
4575,3
4576,0
4577,2
4578,-1
4579,4
4580,-1
4581,4
4582,-1
4583,-1
4584,-1
4585,-1
4586,3
4587,-1
4588,-1
4589,2
4590,3
4591,-1
4592,-1
4593,-1
4594,2
4595,-1
4596,0
4597,2
4598,-1
4599,3
4600,1
4601,3
4602,0
4603,8
4604,1
4605,8
4606,0
4607,-1
4608,-1
4609,2
4610,5
4611,-1
4612,2
4613,-1
4614,4
4615,-1
4616,-1
4617,-1
4618,-1
4619,8
4620,-1
4621,-1
4622,4
4623,8
4624,6
4625,4
4626,-1
4627,1
4628,-1
4629,-1
4630,-1
4631,-1
4632,5
4633,0
4634,-1
4635,2
4636,3
4637,-1
4638,-1
4639,-1
4640,3
4641,-1
4642,-1
4643,-1
4644,3
4645,5
4646,3
4647,-1
4648,4
4649,-1
4650,-1
4651,3
4652,-1
4653,-1
4654,8
4655,5
4656,5
4657,5
4658,1
4659,3
4660,8
4661,4
4662,-1
4663,-1
4664,4
4665,-1
4666,-1
4667,3
4668,3
4669,10
4670,-1
4671,0
4672,0
4673,4
4674,3
4675,-1
4676,-1
4677,-1
4678,4
4679,9
4680,3
4681,-1
4682,3
4683,2
4684,10
4685,7
4686,-1
4687,5
4688,-1
4689,-1
4690,0
4691,2
4692,2
4693,2
4694,2
4695,-1
4696,3
4697,3
4698,-1
4699,-1
4700,8
4701,-1
4702,3
4703,10
4704,0
4705,9
4706,0
4707,3
4708,-1
4709,0
4710,-1
4711,-1
4712,2
4713,3
4714,2
4715,-1
4716,4
4717,-1
4718,-1
4719,-1
4720,-1
4721,0
4722,3
4723,0
4724,-1
4725,-1
4726,-1
4727,3
4728,0
4729,-1
4730,3
4731,4
4732,3
4733,3
4734,-1
4735,-1
4736,-1
4737,3
4738,0
4739,3
4740,0
4741,-1
4742,3
4743,0
4744,-1
4745,-1
4746,-1
4747,-1
4748,3
4749,0
4750,10
4751,-1
4752,9
4753,-1
4754,-1
4755,-1
4756,5
4757,3
4758,8
4759,-1
4760,8
4761,-1
4762,-1
4763,-1
4764,-1
4765,3
4766,8
4767,-1
4768,-1
4769,-1
4770,-1
4771,-1
4772,9
4773,-1
4774,-1
4775,8
4776,4
4777,4
4778,2
4779,-1
4780,-1
4781,0
4782,-1
4783,4
4784,1
4785,-1
4786,-1
4787,-1
4788,-1
4789,1
4790,-1
4791,2
4792,-1
4793,2
4794,3
4795,9
4796,-1
4797,2
4798,-1
4799,0
4800,1
4801,-1
4802,0
4803,1
4804,-1
4805,-1
4806,-1
4807,9
4808,-1
4809,-1
4810,-1
4811,8
4812,10
4813,3
4814,-1
4815,9
4816,10
4817,-1
4818,2
4819,-1
4820,1
4821,-1
4822,8
4823,8
4824,3
4825,-1
4826,4
4827,10
4828,3
4829,10
4830,0
4831,-1
4832,3
4833,-1
4834,2
4835,-1
4836,0
4837,-1
4838,8
4839,3
4840,4
4841,3
4842,1
4843,0
4844,-1
4845,2
4846,-1
4847,2
4848,-1
4849,7
4850,-1
4851,6
4852,7
4853,6
4854,-1
4855,7
4856,5
4857,-1
4858,7
4859,7
4860,7
4861,2
4862,7
4863,7
4864,7
4865,-1
4866,-1
4867,7
4868,8
4869,7
4870,7
4871,1
4872,7
4873,7
4874,7
4875,7
4876,7
4877,2
4878,7
4879,7
4880,-1
4881,8
4882,-1
4883,7
4884,-1
4885,-1
4886,7
4887,1
4888,6
4889,7
4890,-1
4891,-1
4892,-1
4893,7
4894,4
4895,7
4896,7
4897,-1
4898,7
4899,7
4900,7
4901,-1
4902,7
4903,6
4904,7
4905,7
4906,8
4907,7
4908,-1
4909,7
4910,2
4911,8
4912,-1
4913,7
4914,1
4915,-1
4916,7
4917,-1
4918,-1
4919,8
4920,7
4921,7
4922,7
4923,7
4924,5
4925,-1
4926,7
4927,-1
4928,-1
4929,-1
4930,7
4931,7
4932,7
4933,7
4934,3
4935,6
4936,7
4937,6
4938,7
4939,7
4940,-1
4941,-1
4942,6
4943,-1
4944,3
4945,7
4946,-1
4947,6
4948,7
4949,7
4950,7
4951,6
4952,7
4953,7
4954,-1
4955,0
4956,6
4957,-1
4958,7
4959,-1
4960,7
4961,-1
4962,-1
4963,2
4964,3
4965,7
4966,-1
4967,-1
4968,-1
4969,2
4970,7
4971,7
4972,-1
4973,-1
4974,-1
4975,-1
4976,-1
4977,3
4978,-1
4979,7
4980,7
4981,-1
4982,7
4983,7
4984,-1
4985,8
4986,7
4987,7
4988,-1
4989,7
4990,7
4991,7
4992,5
4993,-1
4994,-1
4995,8
4996,7
4997,7
4998,-1
4999,-1
5000,7
5001,6
5002,-1
5003,-1
5004,8
5005,-1
5006,7
5007,3
5008,8
5009,6
5010,-1
5011,-1
5012,7
5013,-1
5014,-1
5015,7
5016,7
5017,-1
5018,-1
5019,-1
5020,7
5021,-1
5022,7
5023,8
5024,7
5025,7
5026,7
5027,-1
5028,3
5029,-1
5030,-1
5031,1
5032,7
5033,-1
5034,3
5035,7
5036,7
5037,3
5038,6
5039,7
5040,-1
5041,-1
5042,6
5043,8
5044,7
5045,7
5046,-1
5047,7
5048,6
5049,-1
5050,-1
5051,7
5052,-1
5053,-1
5054,7
5055,-1
5056,6
5057,6
5058,-1
5059,6
5060,1
5061,-1
5062,1
5063,3
5064,3
5065,-1
5066,3
5067,-1
5068,-1
5069,-1
5070,7
5071,-1
5072,3
5073,1
5074,1
5075,2
5076,-1
5077,-1
5078,-1
5079,1
5080,7
5081,-1
5082,7
5083,6
5084,6
5085,7
5086,7
5087,7
5088,6
5089,7
5090,-1
5091,7
5092,2
5093,7
5094,7
5095,-1
5096,7
5097,7
5098,7
5099,5
5100,7
5101,7
5102,7
5103,7
5104,3
5105,7
5106,7
5107,7
5108,0
5109,-1
5110,7
5111,7
5112,3
5113,7
5114,6
5115,-1
5116,7
5117,7
5118,7
5119,-1
5120,3
5121,3
5122,7
5123,-1
5124,-1
5125,6
5126,7
5127,6
5128,-1
5129,-1
5130,7
5131,7
5132,-1
5133,7
5134,7
5135,-1
5136,3
5137,-1
5138,7
5139,8
5140,7
5141,-1
5142,-1
5143,3
5144,7
5145,7
5146,7
5147,-1
5148,7
5149,7
5150,-1
5151,7
5152,-1
5153,7
5154,3
5155,6
5156,7
5157,-1
5158,-1
5159,7
5160,7
5161,7
5162,-1
5163,1
5164,-1
5165,-1
5166,3
5167,7
5168,7
5169,8
5170,8
5171,3
5172,7
5173,-1
5174,6
5175,1
5176,-1
5177,7
5178,7
5179,-1
5180,1
5181,7
5182,7
5183,6
5184,3
5185,7
5186,6
5187,3
5188,7
5189,6
5190,-1
5191,-1
5192,3
5193,3
5194,-1
5195,-1
5196,8
5197,5
5198,7
5199,7
5200,6
5201,7
5202,7
5203,7
5204,7
5205,-1
5206,7
5207,7
5208,7
5209,7
5210,2
5211,7
5212,2
5213,-1
5214,7
5215,6
5216,-1
5217,6
5218,-1
5219,6
5220,7
5221,7
5222,-1
5223,-1
5224,7
5225,7
5226,7
5227,7
5228,7
5229,-1
5230,7
5231,-1
5232,-1
5233,8
5234,8
5235,7
5236,7
5237,7
5238,3
5239,7
5240,7
5241,2
5242,7
5243,7
5244,3
5245,7
5246,7
5247,3
5248,7
5249,7
5250,-1
5251,7
5252,7
5253,7
5254,6
5255,7
5256,-1
5257,8
5258,-1
5259,-1
5260,-1
5261,-1
5262,7
5263,6
5264,7
5265,7
5266,-1
5267,-1
5268,-1
5269,-1
5270,-1
5271,2
5272,-1
5273,-1
5274,3
5275,-1
5276,3
5277,7
5278,-1
5279,-1
5280,7
5281,-1
5282,-1
5283,-1
5284,-1
5285,7
5286,7
5287,3
5288,6
5289,-1
5290,-1
5291,-1
5292,-1
5293,3
5294,7
5295,7
5296,7
5297,7
5298,-1
5299,-1
5300,7
5301,7
5302,-1
5303,-1
5304,7
5305,7
5306,7
5307,7
5308,-1
5309,7
5310,7
5311,6
5312,7
5313,5
5314,5
5315,-1
5316,7
5317,-1
5318,7
5319,3
5320,7
5321,-1
5322,-1
5323,7
5324,-1
5325,6
5326,6
5327,7
5328,7
5329,7
5330,7
5331,-1
5332,7
5333,3
5334,-1
5335,7
5336,6
5337,6
5338,-1
5339,7
5340,7
5341,7
5342,7
5343,-1
5344,4
5345,-1
5346,-1
5347,6
5348,7
5349,7
5350,2
5351,-1
5352,7
5353,7
5354,-1
5355,7
5356,6
5357,3
5358,3
5359,3
5360,-1
5361,7
5362,7
5363,7
5364,-1
5365,2
5366,7
5367,7
5368,-1
5369,6
5370,6
5371,7
5372,6
5373,-1
5374,-1
5375,-1
5376,-1
5377,6
5378,3
5379,-1
5380,3
5381,7
5382,-1
5383,-1
5384,-1
5385,-1
5386,3
5387,3
5388,7
5389,7
5390,1
5391,7
5392,7
5393,7
5394,6
5395,6
5396,-1
5397,-1
5398,6
5399,-1
5400,7
5401,-1
5402,7
5403,7
5404,7
5405,-1
5406,6
5407,-1
5408,6
5409,7
5410,7
5411,7
5412,7
5413,-1
5414,7
5415,-1
5416,-1
5417,7
5418,-1
5419,-1
5420,-1
5421,3
5422,7
5423,7
5424,6
5425,7
5426,-1
5427,6
5428,6
5429,7
5430,-1
5431,6
5432,7
5433,-1
5434,3
5435,6
5436,-1
5437,-1
5438,-1
5439,-1
5440,7
5441,-1
5442,-1
5443,7
5444,3
5445,-1
5446,3
5447,7
5448,7
5449,-1
5450,-1
5451,6
5452,6
5453,-1
5454,1
5455,-1
5456,3
5457,6
5458,3
5459,2
5460,-1
5461,3
5462,7
5463,7
5464,7
5465,7
5466,-1
5467,7
5468,2
5469,-1
5470,-1
5471,7
5472,-1
5473,-1
5474,3
5475,-1
5476,7
5477,8
5478,7
5479,7
5480,7
5481,7
5482,-1
5483,7
5484,8
5485,7
5486,7
5487,7
5488,-1
5489,-1
5490,7
5491,1
5492,7
5493,7
5494,7
5495,7
5496,-1
5497,-1
5498,-1
5499,7
5500,7
5501,8
5502,-1
5503,7
5504,6
5505,6
5506,3
5507,7
5508,7
5509,7
5510,7
5511,7
5512,-1
5513,7
5514,7
5515,-1
5516,7
5517,3
5518,7
5519,7
5520,-1
5521,7
5522,7
5523,7
5524,-1
5525,7
5526,-1
5527,7
5528,7
5529,-1
5530,-1
5531,3
5532,7
5533,7
5534,7
5535,7
5536,5
5537,6
5538,5
5539,-1
5540,6
5541,7
5542,7
5543,-1
5544,-1
5545,6
5546,5
5547,7
5548,-1
5549,7
5550,3
5551,5
5552,7
5553,6
5554,7
5555,-1
5556,-1
5557,7
5558,-1
5559,7
5560,6
5561,7
5562,-1
5563,-1
5564,8
5565,7
5566,-1
5567,-1
5568,-1
5569,7
5570,7
5571,3
5572,-1
5573,-1
5574,3
5575,-1
5576,7
5577,-1
5578,10
5579,-1
5580,7
5581,7
5582,7
5583,6
5584,7
5585,6
5586,-1
5587,7
5588,7
5589,1
5590,7
5591,7
5592,-1
5593,7
5594,7
5595,-1
5596,7
5597,-1
5598,7
5599,7
5600,6
5601,6
5602,0
5603,7
5604,7
5605,-1
5606,-1
5607,7
5608,7
5609,7
5610,7
5611,7
5612,-1
5613,-1
5614,3
5615,7
5616,7
5617,7
5618,7
5619,7
5620,7
5621,-1
5622,6
5623,6
5624,7
5625,7
5626,-1
5627,3
5628,7
5629,7
5630,7
5631,6
5632,-1
5633,3
5634,6
5635,7
5636,7
5637,3
5638,-1
5639,-1
5640,7
5641,6
5642,7
5643,7
5644,-1
5645,-1
5646,7
5647,3
5648,-1
5649,7
5650,3
5651,6
5652,-1
5653,-1
5654,1
5655,-1
5656,3
5657,3
5658,-1
5659,-1
5660,7
5661,-1
5662,7
5663,7
5664,7
5665,7
5666,7
5667,6
5668,7
5669,7
5670,7
5671,7
5672,7
5673,7
5674,6
5675,7
5676,-1
5677,8
5678,7
5679,7
5680,-1
5681,3
5682,7
5683,-1
5684,7
5685,7
5686,7
5687,7
5688,-1
5689,-1
5690,7
5691,7
5692,-1
5693,7
5694,7
5695,7
5696,7
5697,-1
5698,7
5699,7
5700,7
5701,7
5702,7
5703,7
5704,7
5705,-1
5706,7
5707,-1
5708,6
5709,7
5710,-1
5711,7
5712,-1
5713,7
5714,7
5715,7
5716,7
5717,0
5718,-1
5719,6
5720,7
5721,1
5722,7
5723,6
5724,7
5725,-1
5726,6
5727,7
5728,-1
5729,6
5730,-1
5731,8
5732,-1
5733,3
5734,6
5735,-1
5736,-1
5737,2
5738,6
5739,7
5740,7
5741,7
5742,7
5743,7
5744,7
5745,7
5746,7
5747,-1
5748,7
5749,-1
5750,7
5751,7
5752,8
5753,7
5754,7
5755,-1
5756,7
5757,7
5758,7
5759,-1
5760,7
5761,-1
5762,7
5763,7
5764,7
5765,5
5766,7
5767,7
5768,8
5769,7
5770,7
5771,7
5772,8
5773,7
5774,-1
5775,8
5776,6
5777,8
5778,-1
5779,-1
5780,-1
5781,7
5782,-1
5783,7
5784,7
5785,-1
5786,8
5787,8
5788,-1
5789,7
5790,-1
5791,-1
5792,7
5793,-1
5794,6
5795,-1
5796,6
5797,-1
5798,7
5799,7
5800,7
5801,7
5802,6
5803,-1
5804,7
5805,-1
5806,7
5807,7
5808,7
5809,7
5810,7
5811,7
5812,7
5813,7
5814,7
5815,7
5816,7
5817,7
5818,7
5819,6
5820,7
5821,7
5822,8
5823,7
5824,7
5825,7
5826,7
5827,7
5828,-1
5829,10
5830,7
5831,7
5832,7
5833,7
5834,7
5835,5
5836,7
5837,7
5838,3
5839,-1
5840,7
5841,-1
5842,7
5843,7
5844,7
5845,7
5846,-1
5847,-1
5848,-1
5849,5
5850,7
5851,-1
5852,6
5853,-1
5854,-1
5855,7
5856,7
5857,-1
5858,7
5859,-1
5860,6
5861,3
5862,7
5863,6
5864,-1
5865,-1
5866,-1
5867,8
5868,2
5869,7
5870,7
5871,-1
5872,7
5873,7
5874,7
5875,6
5876,7
5877,7
5878,7
5879,7
5880,7
5881,3
5882,7
5883,7
5884,8
5885,7
5886,7
5887,7
5888,-1
5889,7
5890,-1
5891,7
5892,7
5893,8
5894,7
5895,7
5896,1
5897,-1
5898,6
5899,-1
5900,7
5901,7
5902,7
5903,6
5904,3
5905,-1
5906,7
5907,-1
5908,7
5909,7
5910,-1
5911,8
5912,7
5913,7
5914,7
5915,7
5916,7
5917,7
5918,7
5919,3
5920,-1
5921,-1
5922,7
5923,7
5924,-1
5925,7
5926,-1
5927,8
5928,-1
5929,2
5930,7
5931,-1
5932,7
5933,6
5934,-1
5935,0
5936,6
5937,-1
5938,3
5939,6
5940,1
5941,3
5942,7
5943,-1
5944,8
5945,6
5946,-1
5947,7
5948,8
5949,7
5950,0
5951,7
5952,1
5953,7
5954,7
5955,7
5956,-1
5957,7
5958,7
5959,6
5960,7
5961,7
5962,7
5963,7
5964,7
5965,8
5966,-1
5967,10
5968,7
5969,7
5970,-1
5971,-1
5972,3
5973,7
5974,7
5975,8
5976,-1
5977,-1
5978,8
5979,0
5980,-1
5981,3
5982,3
5983,3
5984,2
5985,7
5986,7
5987,3
5988,7
5989,7
5990,7
5991,7
5992,6
5993,7
5994,7
5995,7
5996,7
5997,3
5998,7
5999,6
6000,7
6001,6
6002,7
6003,3
6004,8
6005,-1
6006,-1
6007,8
6008,6
6009,7
6010,7
6011,7
6012,6
6013,-1
6014,-1
6015,-1
6016,7
6017,-1
6018,7
6019,7
6020,7
6021,7
6022,7
6023,-1
6024,-1
6025,7
6026,-1
6027,7
6028,-1
6029,-1
6030,8
6031,7
6032,-1
6033,6
6034,7
6035,-1
6036,7
6037,6
6038,-1
6039,7
6040,3
6041,7
6042,7
6043,3
6044,-1
6045,7
6046,7
6047,7
6048,7
6049,6
6050,-1
6051,7
6052,7
6053,-1
6054,7
6055,7
6056,-1
6057,7
6058,7
6059,7
6060,-1
6061,7
6062,10
6063,7
6064,7
6065,7
6066,7
6067,7
6068,7
6069,7
6070,-1
6071,7
6072,-1
6073,-1
6074,6
6075,7
6076,7
6077,-1
6078,6
6079,-1
6080,7
6081,7
6082,7
6083,-1
6084,8
6085,6
6086,6
6087,7
6088,-1
6089,2
6090,-1
6091,7
6092,-1
6093,7
6094,7
6095,6
6096,7
6097,7
6098,8
6099,3
6100,6
6101,-1
6102,-1
6103,-1
6104,6
6105,-1
6106,6
6107,3
6108,7
6109,6
6110,8
6111,-1
6112,-1
6113,-1
6114,-1
6115,6
6116,3
6117,-1
6118,-1
6119,1
6120,1
6121,6
6122,1
6123,2
6124,-1
6125,3
6126,6
6127,7
6128,7
6129,-1
6130,-1
6131,6
6132,7
6133,-1
6134,-1
6135,3
6136,7
6137,3
6138,7
6139,-1
6140,5
6141,-1
6142,3
6143,3
6144,3
6145,-1
6146,7
6147,7
6148,5
6149,5
6150,-1
6151,7
6152,7
6153,-1
6154,-1
6155,5
6156,5
6157,-1
6158,-1
6159,5
6160,7
6161,7
6162,-1
6163,3
6164,-1
6165,-1
6166,-1
6167,3
6168,5
6169,-1
6170,3
6171,-1
6172,6
6173,-1
6174,7
6175,-1
6176,7
6177,7
6178,7
6179,7
6180,-1
6181,7
6182,7
6183,8
6184,-1
6185,-1
6186,7
6187,-1
6188,5
6189,3
6190,-1
6191,6
6192,-1
6193,6
6194,7
6195,7
6196,-1
6197,1
6198,-1
6199,-1
6200,-1
6201,-1
6202,6
6203,5
6204,6
6205,6
6206,-1
6207,3
6208,6
6209,3
6210,7
6211,-1
6212,3
6213,-1
6214,3
6215,-1
6216,3
6217,6
6218,-1
6219,6
6220,-1
6221,-1
6222,1
6223,3
6224,7
6225,5
6226,-1
6227,-1
6228,6
6229,6
6230,-1
6231,-1
6232,-1
6233,7
6234,7
6235,7
6236,-1
6237,6
6238,1
6239,-1
6240,7
6241,-1
6242,-1
6243,-1
6244,7
6245,-1
6246,-1
6247,-1
6248,1
6249,-1
6250,-1
6251,8
6252,7
6253,6
6254,6
6255,3
6256,-1
6257,3
6258,-1
6259,-1
6260,6
6261,3
6262,-1
6263,-1
6264,6
6265,6
6266,-1
6267,-1
6268,6
6269,-1
6270,3
6271,-1
6272,-1
6273,-1
6274,-1
6275,3
6276,6
6277,7
6278,2
6279,-1
6280,-1
6281,3
6282,-1
6283,2
6284,1
6285,6
6286,3
6287,-1
6288,1
6289,-1
6290,7
6291,8
6292,-1
6293,-1
6294,3
6295,7
6296,5
6297,-1
6298,-1
6299,-1
6300,-1
6301,3
6302,7
6303,-1
6304,8
6305,6
6306,3
6307,5
6308,7
6309,-1
6310,-1
6311,-1
6312,-1
6313,7
6314,-1
6315,7
6316,7
6317,-1
6318,6
6319,6
6320,5
6321,7
6322,-1
6323,3
6324,7
6325,7
6326,5
6327,1
6328,7
6329,5
6330,5
6331,3
6332,3
6333,3
6334,7
6335,0
6336,5
6337,2
6338,5
6339,-1
6340,-1
6341,-1
6342,-1
6343,7
6344,7
6345,0
6346,3
6347,5
6348,3
6349,7
6350,3
6351,-1
6352,6
6353,-1
6354,2
6355,8
6356,5
6357,3
6358,-1
6359,-1
6360,-1
6361,3
6362,7
6363,-1
6364,-1
6365,-1
6366,-1
6367,3
6368,8
6369,6
6370,-1
6371,-1
6372,7
6373,3
6374,-1
6375,6
6376,-1
6377,-1
6378,-1
6379,3
6380,10
6381,3
6382,-1
6383,-1
6384,5
6385,3
6386,6
6387,3
6388,2
6389,6
6390,-1
6391,-1
6392,7
6393,6
6394,3
6395,-1
6396,-1
6397,-1
6398,1
6399,-1
6400,1
6401,7
6402,2
6403,-1
6404,-1
6405,-1
6406,8
6407,3
6408,-1
6409,6
6410,-1
6411,7
6412,3
6413,7
6414,8
6415,6
6416,2
6417,5
6418,-1
6419,6
6420,5
6421,-1
6422,6
6423,-1
6424,6
6425,-1
6426,-1
6427,6
6428,-1
6429,7
6430,3
6431,5
6432,7
6433,6
6434,5
6435,-1
6436,7
6437,3
6438,7
6439,3
6440,7
6441,-1
6442,-1
6443,-1
6444,-1
6445,-1
6446,-1
6447,-1
6448,1
6449,3
6450,3
6451,-1
6452,-1
6453,7
6454,-1
6455,6
6456,1
6457,-1
6458,-1
6459,-1
6460,6
6461,-1
6462,2
6463,-1
6464,3
6465,5
6466,-1
6467,5
6468,-1
6469,-1
6470,-1
6471,-1
6472,3
6473,-1
6474,-1
6475,-1
6476,2
6477,6
6478,-1
6479,-1
6480,8
6481,7
6482,3
6483,1
6484,8
6485,-1
6486,-1
6487,-1
6488,-1
6489,-1
6490,-1
6491,6
6492,-1
6493,2
6494,3
6495,3
6496,3
6497,-1
6498,-1
6499,5
6500,3
6501,1
6502,-1
6503,2
6504,2
6505,-1
6506,-1
6507,8
6508,-1
6509,-1
6510,8
6511,-1
6512,-1
6513,1
6514,-1
6515,1
6516,1
6517,6
6518,0
6519,1
6520,3
6521,9
6522,2
6523,-1
6524,2
6525,-1
6526,0
6527,-1
6528,1
6529,1
6530,3
6531,3
6532,2
6533,1
6534,-1
6535,3
6536,3
6537,6
6538,3
6539,3
6540,2
6541,2
6542,-1
6543,0
6544,-1
6545,3
6546,8
6547,-1
6548,-1
6549,1
6550,-1
6551,-1
6552,-1
6553,1
6554,3
6555,8
6556,6
6557,2
6558,-1
6559,-1
6560,-1
6561,-1
6562,-1
6563,-1
6564,-1
6565,-1
6566,0
6567,7
6568,5
6569,0
6570,5
6571,-1
6572,5
6573,-1
6574,-1
6575,3
6576,-1
6577,10
6578,-1
6579,2
6580,-1
6581,8
6582,1
6583,-1
6584,8
6585,7
6586,-1
6587,1
6588,0
6589,-1
6590,1
6591,8
6592,8
6593,-1
6594,0
6595,-1
6596,-1
6597,-1
6598,-1
6599,-1
6600,5
6601,2
6602,2
6603,3
6604,2
6605,2
6606,7
6607,-1
6608,0
6609,0
6610,10
6611,8
6612,6
6613,-1
6614,1
6615,8
6616,10
6617,-1
6618,-1
6619,-1
6620,-1
6621,-1
6622,-1
6623,-1
6624,-1
6625,-1
6626,-1
6627,-1
6628,2
6629,8
6630,-1
6631,-1
6632,0
6633,-1
6634,-1
6635,-1
6636,-1
6637,5
6638,-1
6639,1
6640,-1
6641,-1
6642,-1
6643,2
6644,3
6645,-1
6646,2
6647,3
6648,0
6649,-1
6650,3
6651,3
6652,-1
6653,-1
6654,3
6655,5
6656,-1
6657,-1
6658,-1
6659,-1
6660,-1
6661,-1
6662,8
6663,8
6664,5
6665,8
6666,5
6667,5
6668,5
6669,5
6670,-1
6671,1
6672,-1
6673,-1
6674,-1
6675,-1
6676,8
6677,-1
6678,9
6679,-1
6680,-1
6681,5
6682,5
6683,-1
6684,-1
6685,1
6686,-1
6687,8
6688,-1
6689,5
6690,-1
6691,1
6692,-1
6693,6
6694,-1
6695,-1
6696,5
6697,-1
6698,10
6699,-1
6700,5
6701,-1
6702,-1
6703,-1
6704,9
6705,-1
6706,-1
6707,-1
6708,4
6709,5
6710,-1
6711,7
6712,-1
6713,-1
6714,-1
6715,2
6716,5
6717,8
6718,4
6719,8
6720,8
6721,-1
6722,-1
6723,1
6724,8
6725,7
6726,9
6727,-1
6728,9
6729,7
6730,7
6731,5
6732,-1
6733,7
6734,-1
6735,4
6736,7
6737,1
6738,7
6739,-1
6740,-1
6741,-1
6742,-1
6743,-1
6744,0
6745,7
6746,10
6747,-1
6748,6
6749,5
6750,8
6751,-1
6752,-1
6753,-1
6754,1
6755,4
6756,6
6757,5
6758,-1
6759,5
6760,8
6761,-1
6762,5
6763,-1
6764,5
6765,1
6766,-1
6767,-1
6768,7
6769,7
6770,7
6771,2
6772,-1
6773,-1
6774,1
6775,-1
6776,-1
6777,3
6778,4
6779,-1
6780,5
6781,0
6782,1
6783,-1
6784,10
6785,1
6786,-1
6787,6
6788,10
6789,-1
6790,0
6791,-1
6792,-1
6793,-1
6794,8
6795,2
6796,6
6797,-1
6798,3
6799,-1
6800,-1
6801,5
6802,-1
6803,-1
6804,-1
6805,10
6806,1
6807,-1
6808,-1
6809,-1
6810,8
6811,-1
6812,8
6813,5
6814,4
6815,9
6816,-1
6817,-1
6818,2
6819,7
6820,-1
6821,-1
6822,-1
6823,8
6824,-1
6825,5
6826,-1
6827,5
6828,6
6829,6
6830,-1
6831,10
6832,1
6833,5
6834,-1
6835,-1
6836,-1
6837,-1
6838,-1
6839,2
6840,3
6841,-1
6842,-1
6843,5
6844,5
6845,2
6846,-1
6847,-1
6848,-1
6849,1
6850,-1
6851,8
6852,-1
6853,-1
6854,-1
6855,-1
6856,-1
6857,10
6858,-1
6859,1
6860,-1
6861,3
6862,2
6863,-1
6864,-1
6865,-1
6866,-1
6867,1
6868,-1
6869,-1
6870,5
6871,-1
6872,-1
6873,-1
6874,-1
6875,-1
6876,0
6877,-1
6878,-1
6879,-1
6880,1
6881,1
6882,-1
6883,-1
6884,2
6885,-1
6886,-1
6887,-1
6888,3
6889,1
6890,-1
6891,-1
6892,2
6893,-1
6894,2
6895,-1
6896,-1
6897,-1
6898,1
6899,-1
6900,3
6901,3
6902,0
6903,3
6904,-1
6905,-1
6906,-1
6907,-1
6908,6
6909,8
6910,7
6911,-1
6912,-1
6913,-1
6914,3
6915,2
6916,7
6917,1
6918,-1
6919,-1
6920,5
6921,10
6922,10
6923,-1
6924,9
6925,-1
6926,1
6927,-1
6928,6
6929,3
6930,5
6931,-1
6932,7
6933,1
6934,-1
6935,6
6936,3
6937,-1
6938,8
6939,-1
6940,2
6941,2
6942,-1
6943,-1
6944,1
6945,8
6946,7
6947,-1
6948,-1
6949,-1
6950,3
6951,10
6952,6
6953,-1
6954,-1
6955,8
6956,8
6957,5
6958,7
6959,-1
6960,-1
6961,2
6962,-1
6963,5
6964,-1
6965,-1
6966,1
6967,8
6968,-1
6969,0
6970,-1
6971,-1
6972,7
6973,8
6974,-1
6975,3
6976,-1
6977,8
6978,1
6979,-1
6980,3
6981,0
6982,-1
6983,3
6984,-1
6985,1
6986,8
6987,2
6988,-1
6989,3
6990,-1
6991,-1
6992,-1
6993,6
6994,-1
6995,-1
6996,-1
6997,3
6998,-1
6999,3
7000,-1
7001,-1
7002,-1
7003,-1
7004,5
7005,-1
7006,2
7007,5
7008,-1
7009,-1
7010,1
7011,3
7012,10
7013,8
7014,-1
7015,1
7016,-1
7017,3
7018,2
7019,1
7020,-1
7021,2
7022,-1
7023,6
7024,-1
7025,-1
7026,-1
7027,-1
7028,3
7029,1
7030,-1
7031,3
7032,-1
7033,10
7034,0
7035,6
7036,-1
7037,-1
7038,-1
7039,1
7040,-1
7041,1
7042,2
7043,-1
7044,-1
7045,1
7046,-1
7047,-1
7048,-1
7049,-1
7050,-1
7051,2
7052,3
7053,6
7054,-1
7055,2
7056,-1
7057,-1
7058,1
7059,2
7060,3
7061,2
7062,-1
7063,-1
7064,5
7065,5
7066,-1
7067,-1
7068,-1
7069,7
7070,-1
7071,-1
7072,-1
7073,-1
7074,3
7075,5
7076,2
7077,-1
7078,-1
7079,-1
7080,1
7081,7
7082,3
7083,7
7084,-1
7085,6
7086,-1
7087,-1
7088,-1
7089,-1
7090,-1
7091,7
7092,-1
7093,10
7094,10
7095,-1
7096,-1
7097,-1
7098,-1
7099,-1
7100,-1
7101,-1
7102,-1
7103,4
7104,1
7105,5
7106,1
7107,1
7108,-1
7109,6
7110,3
7111,-1
7112,1
7113,-1
7114,3
7115,1
7116,2
7117,-1
7118,-1
7119,-1
7120,3
7121,2
7122,1
7123,5
7124,-1
7125,-1
7126,3
7127,-1
7128,3
7129,2
7130,3
7131,-1
7132,2
7133,-1
7134,3
7135,-1
7136,8
7137,-1
7138,3
7139,-1
7140,-1
7141,-1
7142,-1
7143,-1
7144,6
7145,-1
7146,5
7147,5
7148,6
7149,8
7150,1
7151,3
7152,-1
7153,8
7154,7
7155,10
7156,-1
7157,-1
7158,-1
7159,2
7160,5
7161,-1
7162,-1
7163,8
7164,7
7165,-1
7166,1
7167,-1
7168,3
7169,-1
7170,-1
7171,-1
7172,-1
7173,-1
7174,-1
7175,-1
7176,-1
7177,2
7178,-1
7179,-1
7180,3
7181,5
7182,-1
7183,3
7184,2
7185,5
7186,-1
7187,5
7188,-1
7189,-1
7190,-1
7191,-1
7192,2
7193,1
7194,-1
7195,-1
7196,-1
7197,3
7198,2
7199,3
7200,-1
7201,1
7202,3
7203,-1
7204,5
7205,4
7206,7
7207,7
7208,2
7209,6
7210,8
7211,5
7212,8
7213,5
7214,9
7215,8
7216,3
7217,-1
7218,7
7219,2
7220,5
7221,8
7222,7
7223,5
7224,8
7225,7
7226,7
7227,10
7228,-1
7229,8
7230,-1
7231,-1
7232,-1
7233,10
7234,5
7235,-1
7236,-1
7237,-1
7238,8
7239,8
7240,-1
7241,-1
7242,7
7243,1
7244,7
7245,10
7246,8
7247,5
7248,-1
7249,-1
7250,-1
7251,7
7252,7
7253,3
7254,5
7255,-1
7256,7
7257,5
7258,4
7259,7
7260,5
7261,5
7262,-1
7263,8
7264,2
7265,-1
7266,8
7267,-1
7268,5
7269,8
7270,7
7271,10
7272,-1
7273,-1
7274,2
7275,-1
7276,-1
7277,-1
7278,-1
7279,10
7280,-1
7281,6
7282,-1
7283,3
7284,-1
7285,-1
7286,6
7287,1
7288,-1
7289,-1
7290,-1
7291,-1
7292,-1
7293,-1
7294,1
7295,-1
7296,0
7297,0
7298,2
7299,-1
7300,-1
7301,7
7302,-1
7303,8
7304,10
7305,-1
7306,8
7307,-1
7308,7
7309,7
7310,-1
7311,8
7312,-1
7313,-1
7314,8
7315,-1
7316,7
7317,-1
7318,3
7319,5
7320,7
7321,8
7322,3
7323,5
7324,7
7325,-1
7326,-1
7327,1
7328,8
7329,3
7330,8
7331,8
7332,8
7333,-1
7334,3
7335,8
7336,-1
7337,0
7338,-1
7339,0
7340,-1
7341,-1
7342,-1
7343,-1
7344,-1
7345,-1
7346,3
7347,-1
7348,0
7349,8
7350,7
7351,6
7352,8
7353,8
7354,-1
7355,6
7356,-1
7357,3
7358,8
7359,-1
7360,7
7361,-1
7362,3
7363,5
7364,2
7365,-1
7366,5
7367,5
7368,-1
7369,-1
7370,2
7371,-1
7372,8
7373,9
7374,5
7375,-1
7376,-1
7377,6
7378,5
7379,1
7380,-1
7381,5
7382,-1
7383,-1
7384,-1
7385,-1
7386,-1
7387,8
7388,-1
7389,3
7390,-1
7391,5
7392,-1
7393,-1
7394,1
7395,-1
7396,-1
7397,2
7398,2
7399,2
7400,1
7401,3
7402,1
7403,1
7404,-1
7405,-1
7406,-1
7407,1
7408,2
7409,2
7410,-1
7411,2
7412,-1
7413,-1
7414,6
7415,-1
7416,-1
7417,1
7418,-1
7419,8
7420,-1
7421,-1
7422,8
7423,0
7424,-1
7425,-1
7426,-1
7427,6
7428,7
7429,8
7430,8
7431,-1
7432,6
7433,6
7434,8
7435,8
7436,5
7437,-1
7438,3
7439,-1
7440,-1
7441,-1
7442,-1
7443,2
7444,1
7445,-1
7446,-1
7447,-1
7448,-1
7449,-1
7450,8
7451,8
7452,-1
7453,8
7454,10
7455,7
7456,5
7457,-1
7458,8
7459,-1
7460,-1
7461,-1
7462,8
7463,1
7464,8
7465,9
7466,-1
7467,10
7468,1
7469,-1
7470,1
7471,1
7472,-1
7473,2
7474,-1
7475,10
7476,1
7477,-1
7478,10
7479,2
7480,-1
7481,-1
7482,-1
7483,-1
7484,-1
7485,2
7486,0
7487,-1
7488,-1
7489,-1
7490,-1
7491,-1
7492,1
7493,-1
7494,3
7495,2
7496,2
7497,5
7498,-1
7499,5
7500,5
7501,7
7502,-1
7503,-1
7504,-1
7505,-1
7506,-1
7507,9
7508,7
7509,5
7510,7
7511,8
7512,6
7513,5
7514,7
7515,5
7516,8
7517,-1
7518,5
7519,4
7520,-1
7521,-1
7522,5
7523,6
7524,7
7525,8
7526,-1
7527,5
7528,8
7529,-1
7530,8
7531,7
7532,8
7533,-1
7534,8
7535,5
7536,5
7537,8
7538,-1
7539,8
7540,-1
7541,7
7542,-1
7543,5
7544,7
7545,7
7546,6
7547,-1
7548,1
7549,8
7550,-1
7551,-1
7552,-1
7553,7
7554,-1
7555,-1
7556,5
7557,5
7558,-1
7559,1
7560,5
7561,-1
7562,10
7563,8
7564,8
7565,-1
7566,1
7567,-1
7568,-1
7569,-1
7570,2
7571,-1
7572,7
7573,8
7574,-1
7575,5
7576,-1
7577,5
7578,10
7579,-1
7580,6
7581,-1
7582,-1
7583,2
7584,-1
7585,-1
7586,-1
7587,5
7588,-1
7589,-1
7590,-1
7591,8
7592,7
7593,-1
7594,-1
7595,-1
7596,-1
7597,1
7598,-1
7599,-1
7600,-1
7601,-1
7602,-1
7603,3
7604,1
7605,-1
7606,8
7607,10
7608,8
7609,2
7610,5
7611,-1
7612,8
7613,-1
7614,-1
7615,5
7616,-1
7617,-1
7618,6
7619,8
7620,-1
7621,8
7622,10
7623,5
7624,-1
7625,-1
7626,5
7627,8
7628,7
7629,-1
7630,5
7631,5
7632,7
7633,-1
7634,8
7635,7
7636,5
7637,8
7638,7
7639,5
7640,8
7641,5
7642,6
7643,7
7644,-1
7645,7
7646,3
7647,8
7648,-1
7649,6
7650,-1
7651,1
7652,0
7653,7
7654,7
7655,2
7656,-1
7657,10
7658,5
7659,-1
7660,3
7661,9
7662,-1
7663,-1
7664,1
7665,0
7666,6
7667,10
7668,-1
7669,0
7670,6
7671,-1
7672,-1
7673,3
7674,0
7675,2
7676,-1
7677,1
7678,-1
7679,0
7680,10
7681,8
7682,5
7683,7
7684,8
7685,-1
7686,-1
7687,5
7688,8
7689,6
7690,-1
7691,-1
7692,4
7693,5
7694,-1
7695,1
7696,-1
7697,9
7698,10
7699,10
7700,2
7701,10
7702,3
7703,7
7704,7
7705,2
7706,-1
7707,5
7708,5
7709,7
7710,-1
7711,-1
7712,-1
7713,-1
7714,-1
7715,-1
7716,5
7717,-1
7718,-1
7719,8
7720,7
7721,-1
7722,9
7723,8
7724,5
7725,-1
7726,-1
7727,5
7728,5
7729,2
7730,7
7731,-1
7732,0
7733,-1
7734,-1
7735,-1
7736,-1
7737,10
7738,10
7739,-1
7740,10
7741,-1
7742,-1
7743,-1
7744,9
7745,1
7746,-1
7747,9
7748,9
7749,2
7750,3
7751,1
7752,-1
7753,-1
7754,-1
7755,0
7756,1
7757,3
7758,0
7759,3
7760,5
7761,5
7762,10
7763,6
7764,5
7765,1
7766,8
7767,-1
7768,-1
7769,8
7770,-1
7771,-1
7772,8
7773,-1
7774,5
7775,5
7776,2
7777,-1
7778,-1
7779,10
7780,8
7781,-1
7782,-1
7783,2
7784,-1
7785,2
7786,-1
7787,-1
7788,10
7789,-1
7790,1
7791,-1
7792,5
7793,8
7794,7
7795,2
7796,2
7797,-1
7798,8
7799,-1
7800,8
7801,5
7802,-1
7803,10
7804,-1
7805,-1
7806,-1
7807,-1
7808,3
7809,10
7810,0
7811,2
7812,9
7813,-1
7814,0
7815,-1
7816,-1
7817,-1
7818,5
7819,-1
7820,3
7821,1
7822,-1
7823,-1
7824,0
7825,3
7826,-1
7827,3
7828,3
7829,3
7830,7
7831,8
7832,-1
7833,7
7834,6
7835,6
7836,-1
7837,3
7838,6
7839,-1
7840,-1
7841,8
7842,7
7843,-1
7844,7
7845,-1
7846,-1
7847,6
7848,0
7849,-1
7850,0
7851,7
7852,2
7853,-1
7854,-1
7855,-1
7856,-1
7857,-1
7858,-1
7859,0
7860,0
7861,-1
7862,-1
7863,-1
7864,-1
7865,2
7866,3
7867,-1
7868,3
7869,2
7870,2
7871,-1
7872,-1
7873,6
7874,2
7875,6
7876,8
7877,-1
7878,1
7879,3
7880,7
7881,3
7882,10
7883,4
7884,7
7885,8
7886,7
7887,-1
7888,10
7889,-1
7890,7
7891,-1
7892,7
7893,8
7894,7
7895,8
7896,10
7897,2
7898,7
7899,-1
7900,0
7901,6
7902,-1
7903,7
7904,-1
7905,-1
7906,7
7907,7
7908,-1
7909,-1
7910,-1
7911,-1
7912,3
7913,-1
7914,7
7915,7
7916,2
7917,7
7918,-1
7919,3
7920,-1
7921,0
7922,8
7923,3
7924,0
7925,-1
7926,2
7927,-1
7928,2
7929,-1
7930,8
7931,-1
7932,7
7933,3
7934,0
7935,-1
7936,0
7937,7
7938,1
7939,-1
7940,-1
7941,7
7942,8
7943,10
7944,-1
7945,-1
7946,-1
7947,10
7948,8
7949,2
7950,-1
7951,7
7952,-1
7953,0
7954,3
7955,-1
7956,7
7957,6
7958,-1
7959,8
7960,-1
7961,7
7962,-1
7963,-1
7964,-1
7965,-1
7966,3
7967,6
7968,3
7969,4
7970,2
7971,-1
7972,-1
7973,-1
7974,6
7975,1
7976,-1
7977,6
7978,6
7979,7
7980,-1
7981,-1
7982,-1
7983,-1
7984,8
7985,7
7986,-1
7987,-1
7988,4
7989,8
7990,-1
7991,-1
7992,-1
7993,2
7994,-1
7995,-1
7996,-1
7997,4
7998,-1
7999,9
8000,7
8001,-1
8002,2
8003,-1
8004,1
8005,-1
8006,6
8007,10
8008,-1
8009,3
8010,-1
8011,3
8012,9
8013,-1
8014,3
8015,-1
8016,3
8017,-1
8018,3
8019,3
8020,2
8021,3
8022,3
8023,-1
8024,-1
8025,-1
8026,8
8027,2
8028,6
8029,10
8030,-1
8031,7
8032,-1
8033,6
8034,-1
8035,-1
8036,7
8037,6
8038,-1
8039,7
8040,10
8041,6
8042,0
8043,-1
8044,1
8045,-1
8046,7
8047,1
8048,-1
8049,7
8050,8
8051,7
8052,-1
8053,-1
8054,7
8055,-1
8056,7
8057,-1
8058,6
8059,-1
8060,-1
8061,9
8062,3
8063,4
8064,-1
8065,-1
8066,4
8067,-1
8068,7
8069,-1
8070,-1
8071,0
8072,-1
8073,2
8074,6
8075,7
8076,-1
8077,8
8078,3
8079,-1
8080,2
8081,10
8082,2
8083,4
8084,-1
8085,7
8086,-1
8087,3
8088,7
8089,0
8090,-1
8091,-1
8092,-1
8093,-1
8094,7
8095,-1
8096,7
8097,7
8098,-1
8099,6
8100,-1
8101,10
8102,9
8103,0
8104,-1
8105,4
8106,-1
8107,-1
8108,-1
8109,-1
8110,2
8111,-1
8112,7
8113,1
8114,-1
8115,4
8116,7
8117,-1
8118,-1
8119,7
8120,7
8121,7
8122,-1
8123,-1
8124,2
8125,7
8126,-1
8127,-1
8128,-1
8129,7
8130,7
8131,0
8132,7
8133,-1
8134,2
8135,7
8136,7
8137,7
8138,6
8139,-1
8140,10
8141,-1
8142,-1
8143,2
8144,7
8145,-1
8146,6
8147,-1
8148,7
8149,4
8150,-1
8151,3
8152,-1
8153,-1
8154,3
8155,10
8156,-1
8157,-1
8158,6
8159,-1
